cdp_id,sign_list,number
1,Clay BE A 14,1
2,ARM XV,276
2,Schroeder VS 12,191
2,Schroder VS 15,178
2,Fossey pp,"931, 1060, 1063ff"
3,ARM XV,276
3,Schroeder VS 12,191
3,Schroder VS 15,178
3,Fossey pp,"931, 1060, 1063ff"
4,ARM XV,276
4,Schroeder VS 12,191
4,Schroder VS 15,178
4,Fossey pp,"931, 1060, 1063ff"
5,ARM XV,276
5,Schroeder VS 12,191
5,Schroder VS 15,178
5,Fossey pp,"931, 1060, 1063ff"
6,Schroeder VS 12,217
6,Schroder VS 15,199
6,Fossey pp,1060
7,Schroder VS 15,204
7,Fossey pp,1060
8,Schroeder VS 12,226
8,Fossey pp,289
9,Schroeder VS 12,227
9,Schroder VS 15,207
9,Fossey pp,"1057, 1061"
10,Schroeder VS 12,228
10,Schroder VS 15,208
10,Fossey pp,"1057, 1061"
11,Schroeder VS 12,229
11,Schroder VS 15,209
11,Fossey pp,"1057, 1061"
12,Schroeder VS 12,230
12,Schroder VS 15,210
12,Fossey pp,1062
14,Schroeder VS 12,231
14,Schroder VS 15,211
14,Fossey pp,1062
15,Schroeder VS 12,231
15,Schroder VS 15,212
15,Fossey pp,1062
18,Schroder VS 15,173
18,Fossey pp,929
19,Schroeder VS 12,190
19,Schroder VS 15,177
19,Fossey pp,"1063, 1072"
20,Fossey pp,1067
21,Fossey pp,1067
22,Fossey pp,1067
23,Fossey pp,1067
57,UET 2,290
105,UET 2,153
201,UET 2,305
202,UET 2,305
207,UET 2,303
210,UET 2,306?
248,UET 2,321
360,UET 2,270
449,UET 2,415
458,Fossey pp,780
681,Fossey pp,733
682,Fossey pp,1060
685,Fossey pp,"1066, 1064"
686,Fossey pp,"1066, 1064"
780,Schroder VS 15,13
917,Fossey pp,1061
919,Fossey pp,1061
1118,UET 2,416
1118,ARM XV,311
1118,Clay BE A 14,240
1118,Ranke BE A 61,228
1118,Schroeder VS 12,220
1118,Schroder VS 15,201
1118,Fossey pp,1034-1036
1119,Koenig AfO Bei 16,1
1127,UET 2,102
1127,ARM XV,187
1127,Clay BE A 14,144
1127,Koenig AfO Bei 16,73
1127,Ranke BE A 61,130
1127,Schroeder VS 12,133
1127,Clay BE A 10,133
1127,Schroder VS 15,125
1127,Fossey pp,651-662
1128,UET 2,333
1128,ARM XV,93
1128,Clay BE A 14,60
1128,Koenig AfO Bei 16,38
1128,Ranke BE A 61,49
1128,Schroeder VS 12,65
1128,Clay BE A 10,53
1128,Schroder VS 15,58
1128,Fossey pp,295-297
1129,UET 2,333
1129,ARM XV,93
1129,Clay BE A 14,60
1129,Koenig AfO Bei 16,7
1129,Ranke BE A 61,49
1129,Schroeder VS 12,65
1129,Clay BE A 10,53
1129,Schroder VS 15,58
1129,Fossey pp,295-297
1133,Fossey pp,443
1135,Fossey pp,297
1136,UET 2,177
1136,ARM XV,244
1136,Clay BE A 14,181
1136,Ranke BE A 61,155
1136,Clay BE A 10,151
1136,Schroder VS 15,157
1136,Fossey pp,829ff
1139,Fossey pp,297
1140,Fossey pp,297
1145,Fossey pp,952
1146,Fossey pp,950
1148,Fossey pp,949
1156,UET 2,225
1156,Fossey pp,6-10
1157,UET 2,311
1157,ARM XV,108
1157,Clay BE A 14,68
1157,Koenig AfO Bei 16,12
1157,Ranke BE A 61,54
1157,Schroeder VS 12,78
1157,Clay BE A 10,60
1157,Schroder VS 15,68
1157,Fossey pp,344-348
1158,UET 2,311
1158,ARM XV,108
1158,Clay BE A 14,68
1158,Koenig AfO Bei 16,12
1158,Ranke BE A 61,54
1158,Schroeder VS 12,78
1158,Clay BE A 10,60
1158,Schroder VS 15,68
1158,Fossey pp,344-348
1159,UET 2,311
1159,ARM XV,108
1159,Clay BE A 14,68
1159,Koenig AfO Bei 16,12
1159,Ranke BE A 61,54
1159,Schroeder VS 12,78
1159,Clay BE A 10,60
1159,Schroder VS 15,68
1159,Fossey pp,344-348
1160,UET 2,311
1160,ARM XV,108
1160,Clay BE A 14,68
1160,Koenig AfO Bei 16,12
1160,Ranke BE A 61,54
1160,Schroeder VS 12,78
1160,Clay BE A 10,60
1160,Schroder VS 15,68
1160,Fossey pp,344-348
1161,UET 2,311
1161,ARM XV,108
1161,Clay BE A 14,68
1161,Koenig AfO Bei 16,12
1161,Ranke BE A 61,54
1161,Schroeder VS 12,78
1161,Clay BE A 10,60
1161,Schroder VS 15,68
1161,Fossey pp,344-348
1162,UET 2,311
1162,ARM XV,108
1162,Clay BE A 14,68
1162,Koenig AfO Bei 16,12
1162,Ranke BE A 61,54
1162,Schroeder VS 12,78
1162,Clay BE A 10,60
1162,Schroder VS 15,68
1162,Fossey pp,344-348
1163,Fossey pp,638
1165,Fossey pp,637ff
1166,Fossey pp,637ff
1168,Schroder VS 15,8
1168,Fossey pp,24
1169,Schroder VS 15,8
1169,Fossey pp,24
1170,Fossey pp,"911, 971"
1171,Fossey pp,"911, 971"
1172,Fossey pp,1082
1173,UET 2,237
1174,UET 2,200
1182,Fossey pp,482
1200,UET 2,68
1200,Clay BE A 14,78
1200,Ranke BE A 61,81
1200,Clay BE A 10,65
1200,Schroder VS 15,84
1200,Fossey pp,439-443
1201,ARM XV,198
1201,Ranke BE A 61,122
1201,Schroder VS 15,132
1202,ARM XV,198
1202,Ranke BE A 61,122
1202,Schroder VS 15,132
1203,ARM XV,198
1203,Ranke BE A 61,122
1203,Schroder VS 15,132
1204,ARM XV,198
1204,Schroder VS 15,132
1205,ARM XV,198
1205,Schroder VS 15,132
1209,Fossey pp,946ff
1210,Fossey pp,946ff
1211,Fossey pp,946ff
1212,Fossey pp,952
1215,Fossey pp,209
1217,Fossey pp,447
1226,Fossey pp,881
1228,UET 2,189
1228,ARM XV,233
1228,Clay BE A 14,229
1228,Koenig AfO Bei 16,2
1228,Ranke BE A 61,198
1228,Schroeder VS 12,160
1228,Fossey pp,"789-793, 1086"
1229,UET 2,189
1229,ARM XV,233
1229,Clay BE A 14,229
1229,Koenig AfO Bei 16,33
1229,Ranke BE A 61,198
1229,Schroeder VS 12,160
1229,Fossey pp,"789-793, 1086"
1230,UET 2,189
1230,ARM XV,233
1230,Clay BE A 14,229
1230,Koenig AfO Bei 16,52
1230,Ranke BE A 61,198
1230,Schroeder VS 12,160
1230,Fossey pp,"789-793, 1086"
1231,UET 2,189
1231,ARM XV,233
1231,Clay BE A 14,229
1231,Koenig AfO Bei 16,63
1231,Ranke BE A 61,198
1231,Schroeder VS 12,160
1231,Fossey pp,"789-793, 1086"
1232,UET 2,189
1232,ARM XV,233
1232,Clay BE A 14,229
1232,Koenig AfO Bei 16,2
1232,Ranke BE A 61,198
1232,Schroeder VS 12,160
1232,Fossey pp,"789-793, 1086"
1233,UET 2,189
1233,ARM XV,233
1233,Clay BE A 14,229
1233,Koenig AfO Bei 16,33
1233,Ranke BE A 61,198
1233,Schroeder VS 12,160
1233,Fossey pp,"789-793, 1086"
1234,UET 2,189
1234,ARM XV,233
1234,Clay BE A 14,229
1234,Koenig AfO Bei 16,52
1234,Ranke BE A 61,198
1234,Schroeder VS 12,160
1234,Fossey pp,"789-793, 1086"
1235,UET 2,189
1235,ARM XV,233
1235,Clay BE A 14,229
1235,Koenig AfO Bei 16,63
1235,Ranke BE A 61,198
1235,Schroeder VS 12,160
1235,Fossey pp,"789-793, 1086"
1236,UET 2,189
1236,ARM XV,233
1236,Clay BE A 14,229
1236,Koenig AfO Bei 16,198
1236,Ranke BE A 61,198
1236,Schroeder VS 12,160
1236,Fossey pp,"789-793, 1086"
1237,UET 2,189
1237,ARM XV,233
1237,Clay BE A 14,229
1237,Koenig AfO Bei 16,198
1237,Ranke BE A 61,198
1237,Schroeder VS 12,160
1237,Fossey pp,"789-793, 1086"
1239,UET 2,62
1239,ARM XV,70
1239,Clay BE A 14,10
1239,Koenig AfO Bei 16,3
1239,Ranke BE A 61,6
1239,Schroeder VS 12,49
1239,Clay BE A 10,8
1239,Schroder VS 15,46
1239,Fossey pp,223-230
1240,UET 2,62
1240,ARM XV,70
1240,Clay BE A 14,10
1240,Koenig AfO Bei 16,3
1240,Ranke BE A 61,6
1240,Schroeder VS 12,49
1240,Clay BE A 10,8
1240,Schroder VS 15,46
1240,Fossey pp,223-230
1242,Fossey pp,531
1243,Fossey pp,950
1246,Fossey pp,214ff
1254,UET 2,310
1254,ARM XV,160
1254,Clay BE A 14,139
1254,Koenig AfO Bei 16,4
1254,Ranke BE A 61,103
1254,Schroeder VS 12,117
1254,Clay BE A 10,118
1254,Fossey pp,"540-546, 673"
1256,UET 2,61
1256,Schroeder VS 12,54
1256,Fossey pp,253-255
1259,Schroder VS 15,117
1259,Fossey pp,605
1260,Fossey pp,583
1263,UET 2,573
1263,Ranke BE A 61,138
1263,Fossey pp,727-730
1264,UET 2,573
1264,Fossey pp,727-730
1265,UET 2,573
1265,Fossey pp,727-730
1266,UET 2,573
1266,Fossey pp,727-730
1267,UET 2,573
1267,Fossey pp,727-730
1268,UET 2,573
1268,Fossey pp,727-730
1269,UET 2,573
1269,Fossey pp,727-730
1270,Clay BE A 14,227
1270,Schroeder VS 12,159
1270,Schroder VS 15,152
1270,Fossey pp,"786, 787, 788, 785, 789"
1271,Fossey pp,774
1272,UET 2,163
1272,Fossey pp,"831, 835"
1273,UET 2,165
1273,Fossey pp,"831, 835"
1274,UET 2,166
1274,Fossey pp,"831, 835"
1275,UET 2,163
1275,Fossey pp,"831, 835"
1276,Fossey pp,526
1277,Fossey pp,526
1278,Fossey pp,526
1280,ARM XV,120
1280,Clay BE A 14,132
1280,Koenig AfO Bei 16,5
1280,Ranke BE A 61,67
1280,Schroeder VS 12,85
1280,Clay BE A 10,113
1280,Schroder VS 15,77
1280,Fossey pp,409-411
1281,ARM XV,120
1281,Clay BE A 14,132
1281,Koenig AfO Bei 16,5
1281,Ranke BE A 61,67
1281,Schroeder VS 12,85
1281,Clay BE A 10,113
1281,Schroder VS 15,77
1281,Fossey pp,409-411
1283,ARM XV,312
1284,Fossey pp,521
1285,UET 2,319
1285,ARM XV,149'
1285,Clay BE A 14,107
1285,Ranke BE A 61,95
1285,Schroeder VS 12,109
1285,Schroder VS 15,96
1285,Fossey pp,518ff
1286,UET 2,319
1286,ARM XV,149'
1286,Clay BE A 14,107
1286,Ranke BE A 61,95
1286,Schroeder VS 12,109
1286,Schroder VS 15,96
1286,Fossey pp,518ff
1287,UET 2,263?
1287,ARM XV,149'
1287,Clay BE A 14,107
1287,Ranke BE A 61,95
1287,Schroeder VS 12,109
1287,Schroder VS 15,96
1287,Fossey pp,518ff
1291,UET 2,146
1291,ARM XV,255
1291,Clay BE A 14,88
1291,Ranke BE A 61,151
1291,Schroeder VS 12,173
1291,Clay BE A 10,157
1291,Schroder VS 15,160
1291,Fossey pp,851-854
1295,Fossey pp,"531, 510"
1300,UET 2,6
1300,ARM XV,12
1300,Clay BE A 14,7
1300,Koenig AfO Bei 16,6
1300,Ranke BE A 61,5
1300,Schroeder VS 12,10
1300,Clay BE A 10,6
1300,Schroder VS 15,10
1300,Fossey pp,29ff
1301,UET 2,6
1301,ARM XV,12
1301,Clay BE A 14,7
1301,Koenig AfO Bei 16,20
1301,Ranke BE A 61,5
1301,Schroeder VS 12,10
1301,Clay BE A 10,6
1301,Schroder VS 15,10
1301,Fossey pp,29ff
1302,UET 2,6
1302,ARM XV,12
1302,Clay BE A 14,7
1302,Koenig AfO Bei 16,25
1302,Ranke BE A 61,5
1302,Schroeder VS 12,10
1302,Clay BE A 10,6
1302,Schroder VS 15,10
1302,Fossey pp,29ff
1303,UET 2,6
1303,ARM XV,12
1303,Clay BE A 14,7
1303,Koenig AfO Bei 16,113
1303,Ranke BE A 61,5
1303,Schroeder VS 12,10
1303,Clay BE A 10,6
1303,Schroder VS 15,10
1303,Fossey pp,29ff
1304,UET 2,6
1304,ARM XV,12
1304,Clay BE A 14,7
1304,Koenig AfO Bei 16,6
1304,Ranke BE A 61,5
1304,Schroeder VS 12,10
1304,Clay BE A 10,6
1304,Schroder VS 15,10
1304,Fossey pp,29ff
1305,UET 2,6
1305,ARM XV,12
1305,Clay BE A 14,7
1305,Koenig AfO Bei 16,20
1305,Ranke BE A 61,5
1305,Schroeder VS 12,10
1305,Clay BE A 10,6
1305,Schroder VS 15,10
1305,Fossey pp,29ff
1306,UET 2,6
1306,ARM XV,12
1306,Clay BE A 14,7
1306,Koenig AfO Bei 16,25
1306,Ranke BE A 61,5
1306,Schroeder VS 12,10
1306,Clay BE A 10,6
1306,Schroder VS 15,10
1306,Fossey pp,29ff
1307,UET 2,6
1307,ARM XV,12
1307,Clay BE A 14,7
1307,Koenig AfO Bei 16,113
1307,Ranke BE A 61,5
1307,Schroeder VS 12,10
1307,Clay BE A 10,6
1307,Schroder VS 15,10
1307,Fossey pp,29ff
1308,Fossey pp,31ff.
1309,Fossey pp,"31, 1108"
1310,Fossey pp,"32-35, 1074"
1312,UET 2,161
1312,ARM XV,137''
1312,Clay BE A 14,72
1312,Ranke BE A 61,202
1312,Schroeder VS 12,96
1312,Clay BE A 10,112
1312,Fossey pp,"475-478, 869"
1313,UET 2,161
1313,Clay BE A 14,72
1313,Ranke BE A 61,202
1313,Schroeder VS 12,96
1313,Clay BE A 10,112
1313,Fossey pp,"475-478, 869"
1314,UET 2,161
1314,Clay BE A 14,72
1314,Ranke BE A 61,202
1314,Schroeder VS 12,96
1314,Clay BE A 10,112
1314,Fossey pp,"475-478, 869"
1315,UET 2,161
1315,Clay BE A 14,72
1315,Ranke BE A 61,202
1315,Schroeder VS 12,96
1315,Clay BE A 10,112
1315,Fossey pp,"475-478, 869"
1316,UET 2,161
1316,Clay BE A 14,72
1316,Schroeder VS 12,96
1316,Clay BE A 10,112
1316,Fossey pp,"475-478, 869"
1317,UET 2,161
1317,Clay BE A 14,72
1317,Schroeder VS 12,96
1317,Clay BE A 10,112
1317,Fossey pp,"475-478, 869"
1318,UET 2,161
1318,Clay BE A 14,72
1318,Schroeder VS 12,96
1318,Clay BE A 10,112
1318,Fossey pp,"475-478, 869"
1319,UET 2,161
1319,Clay BE A 14,72
1319,Schroeder VS 12,96
1319,Clay BE A 10,112
1319,Fossey pp,"475-478, 869"
1325,UET 2,75
1325,ARM XV,28
1325,Clay BE A 14,4
1325,Ranke BE A 61,7
1325,Clay BE A 10,3
1325,Schroder VS 15,20
1325,Fossey pp,94-97
1326,UET 2,75
1326,ARM XV,28
1326,Clay BE A 14,4
1326,Ranke BE A 61,7
1326,Clay BE A 10,3
1326,Schroder VS 15,20
1326,Fossey pp,94-97
1327,UET 2,75
1327,ARM XV,28
1327,Clay BE A 14,4
1327,Ranke BE A 61,7
1327,Clay BE A 10,3
1327,Schroder VS 15,20
1327,Fossey pp,94-97
1328,ARM XV,263
1328,Clay BE A 14,185
1328,Koenig AfO Bei 16,8
1328,Ranke BE A 61,158
1328,Schroeder VS 12,177
1328,Schroder VS 15,170
1328,Fossey pp,877-880
1329,ARM XV,25
1330,UET 2,53
1330,Clay BE A 14,23
1330,Koenig AfO Bei 16,70
1330,Ranke BE A 61,20
1330,Schroeder VS 12,16
1330,Clay BE A 10,18
1330,Schroder VS 15,16
1330,Fossey pp,65-68
1331,UET 2,53
1331,Clay BE A 14,23
1331,Koenig AfO Bei 16,118
1331,Ranke BE A 61,20
1331,Schroeder VS 12,16
1331,Clay BE A 10,18
1331,Schroder VS 15,16
1331,Fossey pp,65-68
1332,UET 2,52
1332,Clay BE A 14,23
1332,Koenig AfO Bei 16,70
1332,Ranke BE A 61,20
1332,Schroeder VS 12,16
1332,Clay BE A 10,18
1332,Schroder VS 15,16
1332,Fossey pp,65-68
1333,UET 2,52
1333,Clay BE A 14,23
1333,Koenig AfO Bei 16,118
1333,Ranke BE A 61,20
1333,Schroeder VS 12,16
1333,Clay BE A 10,18
1333,Schroder VS 15,16
1333,Fossey pp,65-68
1334,ARM XV,26
1334,Koenig AfO Bei 16,70
1334,Fossey pp,68ff
1335,UET 2,121
1335,ARM XV,243'?
1335,Fossey pp,849
1338,Fossey pp,524
1343,Clay BE A 14,110
1343,Schroder VS 15,98
1343,Fossey pp,"525ff, 614"
1344,Clay BE A 14,110
1344,Schroder VS 15,98
1344,Fossey pp,"525ff, 614"
1358,UET 2,1
1358,ARM XV,1
1358,Clay BE A 14,1
1358,Koenig AfO Bei 16,10
1358,Ranke BE A 61,1
1358,Schroeder VS 12,1
1358,Clay BE A 10,1
1358,Schroder VS 15,1
1359,UET 2,1
1359,ARM XV,1
1359,Clay BE A 14,1
1359,Koenig AfO Bei 16,24
1359,Ranke BE A 61,1
1359,Schroeder VS 12,2
1359,Clay BE A 10,1
1359,Schroder VS 15,1
1360,Clay BE A 14,8
1360,Fossey pp,36
1361,ARM XV,192
1361,Clay BE A 14,150
1361,Koenig AfO Bei 16,11
1361,Ranke BE A 61,127
1361,Schroeder VS 12,137
1361,Clay BE A 10,131
1361,Schroder VS 15,127
1361,Fossey pp,678-680
1364,UET 2,86
1364,Fossey pp,1071
1365,Fossey pp,817
1366,Fossey pp,"988, 1091"
1379,Fossey pp,62
1380,Fossey pp,62
1381,Fossey pp,62
1382,Fossey pp,62
1386,Clay BE A 14,54
1386,Fossey pp,252
1389,Fossey pp,391
1390,Fossey pp,391
1391,Fossey pp,391
1392,Fossey pp,391
1393,Fossey pp,391
1394,Fossey pp,391
1408,Fossey pp,507-509
1411,UET 2,164
1411,ARM XV,97
1411,Clay BE A 14,67
1411,Koenig AfO Bei 16,9
1411,Ranke BE A 61,179
1411,Schroeder VS 12,68
1411,Schroder VS 15,61
1411,Fossey pp,304-308
1412,UET 2,164
1412,ARM XV,97
1412,Clay BE A 14,67
1412,Koenig AfO Bei 16,13
1412,Ranke BE A 61,179
1412,Schroeder VS 12,68
1412,Schroder VS 15,61
1412,Fossey pp,304-308
1413,UET 2,164
1413,ARM XV,97
1413,Clay BE A 14,67
1413,Koenig AfO Bei 16,9
1413,Ranke BE A 61,179
1413,Schroeder VS 12,68
1413,Schroder VS 15,61
1413,Fossey pp,304-308
1414,UET 2,164
1414,ARM XV,97
1414,Clay BE A 14,67
1414,Koenig AfO Bei 16,13
1414,Ranke BE A 61,179
1414,Schroeder VS 12,68
1414,Schroder VS 15,61
1414,Fossey pp,304-308
1415,ARM XV,97
1415,Clay BE A 14,67
1415,Koenig AfO Bei 16,9
1415,Ranke BE A 61,179
1415,Schroeder VS 12,68
1415,Schroder VS 15,61
1415,Fossey pp,304-308
1416,ARM XV,97
1416,Clay BE A 14,67
1416,Koenig AfO Bei 16,13
1416,Ranke BE A 61,179
1416,Schroeder VS 12,68
1416,Schroder VS 15,61
1416,Fossey pp,304-308
1417,ARM XV,97
1417,Clay BE A 14,67
1417,Koenig AfO Bei 16,9
1417,Ranke BE A 61,179
1417,Schroeder VS 12,68
1417,Schroder VS 15,61
1417,Fossey pp,304-308
1418,ARM XV,97
1418,Clay BE A 14,67
1418,Koenig AfO Bei 16,13
1418,Ranke BE A 61,179
1418,Schroeder VS 12,68
1418,Schroder VS 15,61
1418,Fossey pp,304-308
1419,Koenig AfO Bei 16,9
1420,Koenig AfO Bei 16,13
1424,Schroeder VS 12,185_a
1432,UET 2,341
1432,Fossey pp,425ff
1435,UET 2,222
1435,ARM XV,4
1435,Clay BE A 14,151
1435,Koenig AfO Bei 16,14
1435,Ranke BE A 61,126
1435,Schroeder VS 12,3
1435,Clay BE A 10,128
1435,Schroder VS 15,4
1435,Fossey pp,3-5
1441,UET 2,9
1441,ARM XV,42
1441,Clay BE A 14,27
1441,Koenig AfO Bei 16,15
1441,Ranke BE A 61,11
1441,Schroeder VS 12,29
1441,Clay BE A 10,26
1441,Schroder VS 15,29
1442,UET 2,9
1442,ARM XV,42
1442,Clay BE A 14,27
1442,Koenig AfO Bei 16,128
1442,Ranke BE A 61,11
1442,Schroeder VS 12,29
1442,Clay BE A 10,26
1442,Schroder VS 15,29
1443,UET 2,302
1443,ARM XV,114
1443,Clay BE A 14,134
1443,Koenig AfO Bei 16,16
1443,Ranke BE A 61,56
1443,Clay BE A 10,115
1443,Fossey pp,"384ff, 386-389, 1075"
1444,UET 2,302
1444,ARM XV,114
1444,Clay BE A 14,134
1444,Koenig AfO Bei 16,16
1444,Ranke BE A 61,56
1444,Clay BE A 10,115
1444,Fossey pp,"384ff, 386-389, 1075"
1445,UET 2,301
1445,ARM XV,114
1445,Clay BE A 14,134
1445,Koenig AfO Bei 16,16
1445,Ranke BE A 61,56
1445,Clay BE A 10,115
1445,Fossey pp,"384ff, 386-389, 1075"
1446,UET 2,302
1446,Koenig AfO Bei 16,30
1446,Ranke BE A 61,56
1446,Clay BE A 10,115
1446,Fossey pp,"384ff, 386-389, 1075"
1447,UET 2,302
1447,Koenig AfO Bei 16,30
1447,Ranke BE A 61,56
1447,Clay BE A 10,115
1447,Fossey pp,"384ff, 386-389, 1075"
1448,UET 2,301
1448,Koenig AfO Bei 16,30
1448,Ranke BE A 61,56
1448,Clay BE A 10,115
1448,Fossey pp,"384ff, 386-389, 1075"
1459,Fossey pp,157
1460,Fossey pp,157
1465,Fossey pp,547
1466,UET 2,3
1466,ARM XV,8
1466,Clay BE A 14,5
1466,Koenig AfO Bei 16,125
1466,Ranke BE A 61,3
1466,Schroeder VS 12,6
1466,Clay BE A 10,4
1466,Schroder VS 15,7
1466,Fossey pp,18-22
1467,UET 2,4
1467,ARM XV,8
1467,Clay BE A 14,5
1467,Koenig AfO Bei 16,125
1467,Ranke BE A 61,3
1467,Schroeder VS 12,6
1467,Clay BE A 10,4
1467,Schroder VS 15,7
1467,Fossey pp,18-22
1468,UET 2,5
1468,ARM XV,8
1468,Clay BE A 14,5
1468,Koenig AfO Bei 16,125
1468,Ranke BE A 61,3
1468,Schroeder VS 12,6
1468,Clay BE A 10,4
1468,Schroder VS 15,7
1468,Fossey pp,18-22
1469,UET 2,3
1469,ARM XV,8
1469,Clay BE A 14,5
1469,Koenig AfO Bei 16,125
1469,Ranke BE A 61,3
1469,Schroeder VS 12,6
1469,Clay BE A 10,4
1469,Schroder VS 15,7
1469,Fossey pp,18-22
1470,UET 2,4
1470,ARM XV,8
1470,Clay BE A 14,5
1470,Koenig AfO Bei 16,125
1470,Ranke BE A 61,3
1470,Schroeder VS 12,6
1470,Clay BE A 10,4
1470,Schroder VS 15,7
1470,Fossey pp,18-22
1471,UET 2,5
1471,ARM XV,8
1471,Clay BE A 14,5
1471,Koenig AfO Bei 16,125
1471,Ranke BE A 61,3
1471,Schroeder VS 12,6
1471,Clay BE A 10,4
1471,Schroder VS 15,7
1471,Fossey pp,18-22
1472,UET 2,29
1473,Fossey pp,1054-1057
1475,Clay BE A 14,29
1475,Koenig AfO Bei 16,17
1475,Clay BE A 10,126
1475,Fossey pp,856ff
1476,Clay BE A 14,29
1476,Koenig AfO Bei 16,17
1476,Clay BE A 10,126
1476,Fossey pp,856ff
1477,Clay BE A 14,35
1477,Ranke BE A 61,22
1478,Fossey pp,1069
1480,Fossey pp,1069
1482,Fossey pp,1069
1484,Fossey pp,1068
1485,Fossey pp,1068
1486,Clay BE A 10,11
1486,Schroder VS 15,15
1486,Fossey pp,60ff
1487,Clay BE A 10,11
1487,Schroder VS 15,15
1487,Fossey pp,60ff
1488,Clay BE A 10,11
1488,Schroder VS 15,15
1488,Fossey pp,60ff
1489,Clay BE A 10,11
1489,Schroder VS 15,15
1489,Fossey pp,60ff
1492,Fossey pp,504
1493,Fossey pp,"716, 1081"
1494,Fossey pp,"716, 1081"
1495,UET 2,354
1495,Clay BE A 14,129
1495,Schroder VS 15,91a
1495,Fossey pp,"502, 503"
1496,UET 2,354
1496,Clay BE A 14,129
1496,Schroder VS 15,91a
1496,Fossey pp,"502, 503"
1497,UET 2,354
1497,Clay BE A 14,129
1497,Schroder VS 15,91a
1497,Fossey pp,"502, 503"
1498,UET 2,354
1498,Clay BE A 14,129
1498,Schroder VS 15,91a
1498,Fossey pp,"502, 503"
1499,UET 2,354
1499,Clay BE A 14,129
1499,Schroder VS 15,91a
1499,Fossey pp,"502, 503"
1500,UET 2,354
1500,Clay BE A 14,129
1500,Schroder VS 15,91a
1500,Fossey pp,"502, 503"
1501,UET 2,354
1501,Clay BE A 14,129
1501,Schroder VS 15,91a
1501,Fossey pp,"502, 503"
1502,UET 2,354
1502,Clay BE A 14,129
1502,Schroder VS 15,91a
1502,Fossey pp,"502, 503"
1503,UET 2,354
1503,Clay BE A 14,129
1503,Schroder VS 15,91a
1503,Fossey pp,"502, 503"
1504,UET 2,354
1504,Clay BE A 14,129
1504,Schroder VS 15,91a
1504,Fossey pp,"502, 503"
1505,UET 2,354
1505,Clay BE A 14,129
1505,Schroder VS 15,91a
1505,Fossey pp,"502, 503"
1506,UET 2,354
1506,Clay BE A 14,129
1506,Schroder VS 15,91a
1506,Fossey pp,"502, 503"
1507,UET 2,355
1507,Clay BE A 14,129
1507,Schroder VS 15,91a
1507,Fossey pp,"502, 503"
1508,Fossey pp,"504, 1076"
1509,UET 2,252
1509,ARM XV,47a
1509,Clay BE A 14,35
1509,Koenig AfO Bei 16,127
1509,Ranke BE A 61,22
1509,Schroeder VS 12,34
1509,Clay BE A 10,30
1509,Schroder VS 15,33
1510,UET 2,252
1510,ARM XV,47a
1510,Clay BE A 14,35
1510,Koenig AfO Bei 16,18
1510,Ranke BE A 61,22
1510,Schroeder VS 12,34
1510,Clay BE A 10,30
1510,Schroder VS 15,33
1511,UET 2,88
1511,Clay BE A 14,165
1511,Ranke BE A 61,121
1511,Clay BE A 10,142
1511,Schroder VS 15,130
1511,Fossey pp,686-690
1512,UET 2,88
1512,Clay BE A 14,165
1512,Clay BE A 10,142
1512,Schroder VS 15,130
1512,Fossey pp,686-690
1513,Fossey pp,524
1517,Fossey pp,950
1518,Fossey pp,939
1519,Fossey pp,939
1520,Fossey pp,947
1524,UET 2,309
1524,Clay BE A 10,10
1524,Fossey pp,58ff
1525,Fossey pp,774
1526,Fossey pp,774
1527,UET 2,350
1527,ARM XV,140
1527,Clay BE A 14,128
1527,Koenig AfO Bei 16,19
1527,Ranke BE A 61,75
1527,Schroeder VS 12,101
1527,Clay BE A 10,77
1527,Schroder VS 15,90
1527,Fossey pp,491-498
1528,UET 2,350
1528,ARM XV,140
1528,Clay BE A 14,128
1528,Koenig AfO Bei 16,19
1528,Ranke BE A 61,75
1528,Schroeder VS 12,101
1528,Clay BE A 10,77
1528,Schroder VS 15,90
1528,Fossey pp,491-498
1529,UET 2,350
1529,ARM XV,140
1529,Clay BE A 14,128
1529,Koenig AfO Bei 16,19
1529,Ranke BE A 61,75
1529,Schroeder VS 12,101
1529,Clay BE A 10,77
1529,Schroder VS 15,90
1529,Fossey pp,491-498
1530,UET 2,350
1530,ARM XV,140
1530,Clay BE A 14,128
1530,Koenig AfO Bei 16,19
1530,Ranke BE A 61,75
1530,Schroeder VS 12,101
1530,Clay BE A 10,77
1530,Schroder VS 15,90
1530,Fossey pp,491-498
1531,UET 2,351
1531,ARM XV,140
1531,Clay BE A 14,128
1531,Koenig AfO Bei 16,19
1531,Ranke BE A 61,75
1531,Schroeder VS 12,101
1531,Clay BE A 10,77
1531,Schroder VS 15,90
1531,Fossey pp,491-498
1533,Fossey pp,742-744
1536,Clay BE A 14,123
1536,Koenig AfO Bei 16,49
1536,Ranke BE A 61,73
1536,Schroeder VS 12,56
1536,Clay BE A 10,91
1536,Fossey pp,262-265
1538,UET 2,188
1538,Clay BE A 14,225
1538,Fossey pp,806ff
1539,UET 2,188
1539,Clay BE A 14,225
1539,Fossey pp,806ff
1540,UET 2,188
1540,Clay BE A 14,225
1540,Fossey pp,806ff
1544,Fossey pp,727
1546,UET 2,148
1546,ARM XV,213
1546,Clay BE A 14,206
1546,Koenig AfO Bei 16,134
1546,Ranke BE A 61,166
1546,Schroeder VS 12,148
1546,Schroder VS 15,142
1546,Fossey pp,739-742
1547,UET 2,148
1547,ARM XV,213
1547,Clay BE A 14,206
1547,Koenig AfO Bei 16,134
1547,Ranke BE A 61,166
1547,Schroeder VS 12,148
1547,Schroder VS 15,142
1547,Fossey pp,739-742
1549,Fossey pp,953ff
1552,Schroeder VS 12,198
1552,Fossey pp,952
1553,Fossey pp,950
1554,Clay BE A 14,252a
1554,Fossey pp,949ff
1556,Fossey pp,223
1557,UET 2,147
1557,Clay BE A 14,25
1557,Ranke BE A 61,39
1557,Fossey pp,121-122
1558,Fossey pp,948
1562,Fossey pp,50
1565,UET 2,404
1565,Clay BE A 14,170
1565,Koenig AfO Bei 16,135
1565,Ranke BE A 61,131
1565,Schroeder VS 12,141
1565,Clay BE A 10,146
1565,Schroder VS 15,133
1565,Fossey pp,699-702
1566,UET 2,404
1566,Clay BE A 14,170
1566,Koenig AfO Bei 16,135
1566,Ranke BE A 61,131
1566,Schroeder VS 12,141
1566,Clay BE A 10,146
1566,Schroder VS 15,133
1566,Fossey pp,699-702
1567,UET 2,404
1567,Clay BE A 14,170
1567,Koenig AfO Bei 16,135
1567,Ranke BE A 61,131
1567,Schroeder VS 12,141
1567,Clay BE A 10,146
1567,Schroder VS 15,133
1567,Fossey pp,699-702
1568,UET 2,404
1568,Clay BE A 14,170
1568,Koenig AfO Bei 16,135
1568,Ranke BE A 61,131
1568,Schroeder VS 12,141
1568,Clay BE A 10,146
1568,Schroder VS 15,133
1568,Fossey pp,699-702
1569,UET 2,404
1569,Clay BE A 14,170
1569,Koenig AfO Bei 16,135
1569,Ranke BE A 61,131
1569,Schroeder VS 12,141
1569,Clay BE A 10,146
1569,Schroder VS 15,133
1569,Fossey pp,699-702
1570,UET 2,404
1570,Clay BE A 14,170
1570,Koenig AfO Bei 16,135
1570,Ranke BE A 61,131
1570,Schroeder VS 12,141
1570,Clay BE A 10,146
1570,Schroder VS 15,133
1570,Fossey pp,699-702
1571,UET 2,404
1571,Clay BE A 14,170
1571,Koenig AfO Bei 16,135
1571,Ranke BE A 61,131
1571,Schroeder VS 12,141
1571,Clay BE A 10,146
1571,Schroder VS 15,133
1571,Fossey pp,699-702
1572,UET 2,404
1572,Clay BE A 14,170
1572,Koenig AfO Bei 16,135
1572,Ranke BE A 61,131
1572,Schroeder VS 12,141
1572,Clay BE A 10,146
1572,Schroder VS 15,133
1572,Fossey pp,699-702
1575,UET 2,54
1575,Clay BE A 14,4a
1575,Schroeder VS 12,8
1575,Fossey pp,24-26
1576,UET 2,56
1576,Clay BE A 14,4a
1576,Schroeder VS 12,8
1576,Fossey pp,24-26
1577,Fossey pp,1067ff
1579,Fossey pp,"179, 189, 191ff"
1585,Clay BE A 14,222
1585,Ranke BE A 61,129
1585,Schroeder VS 12,19
1585,Fossey pp,79-83
1588,UET 2,101
1588,ARM XV,191
1588,Clay BE A 14,145
1588,Koenig AfO Bei 16,21
1588,Ranke BE A 61,134
1588,Schroeder VS 12,136
1588,Clay BE A 10,132
1588,Schroder VS 15,126
1588,Fossey pp,662-673
1589,UET 2,97?
1589,ARM XV,191
1589,Clay BE A 14,145
1589,Koenig AfO Bei 16,21
1589,Ranke BE A 61,134
1589,Schroeder VS 12,136
1589,Clay BE A 10,132
1589,Schroder VS 15,126
1589,Fossey pp,662-673
1590,UET 2,101
1590,ARM XV,191
1590,Clay BE A 14,145
1590,Koenig AfO Bei 16,21
1590,Ranke BE A 61,134
1590,Schroeder VS 12,136
1590,Clay BE A 10,132
1590,Schroder VS 15,126
1590,Fossey pp,662-673
1591,UET 2,101
1591,ARM XV,191
1591,Clay BE A 14,145
1591,Koenig AfO Bei 16,21
1591,Ranke BE A 61,134
1591,Schroeder VS 12,136
1591,Clay BE A 10,132
1591,Schroder VS 15,126
1591,Fossey pp,662-673
1592,UET 2,101
1592,ARM XV,191
1592,Clay BE A 14,145
1592,Koenig AfO Bei 16,21
1592,Ranke BE A 61,134
1592,Schroeder VS 12,136
1592,Clay BE A 10,132
1592,Schroder VS 15,126
1592,Fossey pp,662-673
1596,Fossey pp,131-135
1597,UET 2,362
1597,ARM XV,151
1597,Clay BE A 14,119
1597,Ranke BE A 61,111
1597,Schroeder VS 12,110
1597,Clay BE A 10,101
1597,Fossey pp,"528ff, 527"
1598,Clay BE A 14,119
1598,Ranke BE A 61,111
1598,Schroeder VS 12,110
1598,Clay BE A 10,101
1598,Fossey pp,"528ff, 527"
1599,Fossey pp,525
1601,UET 2,407
1602,Clay BE A 14,101
1602,Koenig AfO Bei 16,173
1602,Ranke BE A 61,89
1602,Schroeder VS 12,84
1602,Fossey pp,407-409
1609,UET 2,50
1609,Fossey pp,158_1
1610,UET 2,291
1610,ARM XV,301
1610,Clay BE A 14,263
1610,Ranke BE A 61,181
1610,Schroeder VS 12,210
1610,Schroder VS 15,193
1610,Fossey pp,1002-1006
1611,ARM XV,150
1611,Fossey pp,"1, 1060, 1070"
1613,ARM XV,150
1613,Fossey pp,70
1619,UET 2,36
1619,ARM XV,86
1619,Clay BE A 14,28
1619,Schroeder VS 12,59
1619,Clay BE A 10,32
1619,Schroder VS 15,53
1619,Fossey pp,"272-275, 276"
1620,UET 2,36
1620,ARM XV,86
1620,Clay BE A 14,49
1620,Schroeder VS 12,59
1620,Clay BE A 10,32
1620,Schroder VS 15,53
1620,Fossey pp,"272-275, 276"
1621,UET 2,36
1621,ARM XV,86
1621,Clay BE A 14,28
1621,Schroeder VS 12,59
1621,Clay BE A 10,32
1621,Schroder VS 15,53
1621,Fossey pp,"272-275, 276"
1622,UET 2,36
1622,ARM XV,86
1622,Clay BE A 14,28
1622,Schroeder VS 12,59
1622,Clay BE A 10,32
1622,Schroder VS 15,53
1622,Fossey pp,"272-275, 276"
1623,UET 2,36
1623,ARM XV,86
1623,Clay BE A 14,28
1623,Schroeder VS 12,59
1623,Clay BE A 10,32
1623,Schroder VS 15,53
1623,Fossey pp,"272-275, 276"
1624,UET 2,36
1624,ARM XV,86
1624,Clay BE A 14,28
1624,Schroeder VS 12,59
1624,Clay BE A 10,32
1624,Schroder VS 15,53
1624,Fossey pp,"272-275, 276"
1625,UET 2,36
1625,ARM XV,86
1625,Clay BE A 14,28
1625,Schroeder VS 12,59
1625,Clay BE A 10,32
1625,Schroder VS 15,53
1625,Fossey pp,"272-275, 276"
1626,UET 2,36
1626,ARM XV,86
1626,Clay BE A 14,28
1626,Schroeder VS 12,59
1626,Clay BE A 10,32
1626,Schroder VS 15,53
1626,Fossey pp,"272-275, 276"
1627,UET 2,36
1627,ARM XV,86
1627,Clay BE A 14,28
1627,Schroeder VS 12,59
1627,Clay BE A 10,32
1627,Schroder VS 15,53
1627,Fossey pp,"272-275, 276"
1628,UET 2,36
1628,ARM XV,86
1628,Clay BE A 14,28
1628,Schroeder VS 12,59
1628,Clay BE A 10,32
1628,Schroder VS 15,53
1628,Fossey pp,"272-275, 276"
1629,UET 2,36
1629,ARM XV,86
1629,Clay BE A 14,28
1629,Schroeder VS 12,59
1629,Clay BE A 10,32
1629,Schroder VS 15,53
1629,Fossey pp,"272-275, 276"
1630,UET 2,36
1630,ARM XV,86
1630,Clay BE A 14,28
1630,Schroeder VS 12,59
1630,Clay BE A 10,32
1630,Schroder VS 15,53
1630,Fossey pp,"272-275, 276"
1631,UET 2,35
1631,ARM XV,86
1631,Clay BE A 14,28
1631,Schroeder VS 12,59
1631,Clay BE A 10,32
1631,Schroder VS 15,53
1631,Fossey pp,"272-275, 276"
1632,UET 2,35
1632,ARM XV,86
1632,Clay BE A 14,28
1632,Schroeder VS 12,59
1632,Clay BE A 10,32
1632,Schroder VS 15,53
1632,Fossey pp,"272-275, 276"
1633,UET 2,35
1633,ARM XV,86
1633,Clay BE A 14,28
1633,Schroeder VS 12,59
1633,Clay BE A 10,32
1633,Schroder VS 15,53
1633,Fossey pp,"272-275, 276"
1634,UET 2,35
1634,ARM XV,86
1634,Clay BE A 14,28
1634,Schroeder VS 12,59
1634,Clay BE A 10,32
1634,Schroder VS 15,53
1634,Fossey pp,"272-275, 276"
1635,UET 2,35
1635,ARM XV,86
1635,Clay BE A 14,28
1635,Schroeder VS 12,59
1635,Clay BE A 10,32
1635,Schroder VS 15,53
1635,Fossey pp,"272-275, 276"
1636,UET 2,35
1636,ARM XV,86
1636,Clay BE A 14,28
1636,Schroeder VS 12,59
1636,Clay BE A 10,32
1636,Schroder VS 15,53
1636,Fossey pp,"272-275, 276"
1637,UET 2,343
1637,ARM XV,86
1637,Clay BE A 14,28
1637,Schroeder VS 12,59
1637,Clay BE A 10,32
1637,Schroder VS 15,53
1637,Fossey pp,"272-275, 276"
1638,UET 2,343
1638,ARM XV,86
1638,Clay BE A 14,28
1638,Schroeder VS 12,59
1638,Clay BE A 10,32
1638,Schroder VS 15,53
1638,Fossey pp,"272-275, 276"
1639,UET 2,347
1639,ARM XV,86
1639,Clay BE A 14,28
1639,Schroeder VS 12,59
1639,Clay BE A 10,32
1639,Schroder VS 15,53
1639,Fossey pp,"272-275, 276"
1640,UET 2,347
1640,ARM XV,86
1640,Clay BE A 14,28
1640,Schroeder VS 12,59
1640,Clay BE A 10,32
1640,Schroder VS 15,53
1640,Fossey pp,"272-275, 276"
1641,UET 2,35
1641,ARM XV,86
1641,Clay BE A 14,28
1641,Schroeder VS 12,59
1641,Clay BE A 10,32
1641,Schroder VS 15,53
1641,Fossey pp,"272-275, 276"
1642,UET 2,35
1642,ARM XV,86
1642,Clay BE A 14,28
1642,Schroeder VS 12,59
1642,Clay BE A 10,32
1642,Schroder VS 15,53
1642,Fossey pp,"272-275, 276"
1643,UET 2,343
1643,ARM XV,86
1643,Clay BE A 14,28
1643,Schroeder VS 12,59
1643,Clay BE A 10,32
1643,Schroder VS 15,53
1643,Fossey pp,"272-275, 276"
1644,UET 2,343
1644,ARM XV,86
1644,Clay BE A 14,28
1644,Schroeder VS 12,59
1644,Clay BE A 10,32
1644,Schroder VS 15,53
1644,Fossey pp,"272-275, 276"
1645,UET 2,347
1645,ARM XV,86
1645,Clay BE A 14,28
1645,Schroeder VS 12,59
1645,Clay BE A 10,32
1645,Schroder VS 15,53
1645,Fossey pp,"272-275, 276"
1646,UET 2,347
1646,ARM XV,86
1646,Clay BE A 14,28
1646,Schroeder VS 12,59
1646,Clay BE A 10,32
1646,Schroder VS 15,53
1646,Fossey pp,"272-275, 276"
1647,UET 2,35
1647,ARM XV,86
1647,Clay BE A 14,28
1647,Schroeder VS 12,59
1647,Clay BE A 10,32
1647,Schroder VS 15,53
1647,Fossey pp,"272-275, 276"
1648,UET 2,35
1648,ARM XV,86
1648,Clay BE A 14,28
1648,Schroeder VS 12,59
1648,Clay BE A 10,32
1648,Schroder VS 15,53
1648,Fossey pp,"272-275, 276"
1649,UET 2,343
1649,ARM XV,86
1649,Clay BE A 14,28
1649,Schroeder VS 12,59
1649,Clay BE A 10,32
1649,Schroder VS 15,53
1649,Fossey pp,"272-275, 276"
1650,UET 2,343
1650,ARM XV,86
1650,Clay BE A 14,28
1650,Schroeder VS 12,59
1650,Clay BE A 10,32
1650,Schroder VS 15,53
1650,Fossey pp,"272-275, 276"
1651,UET 2,347
1651,ARM XV,86
1651,Clay BE A 14,28
1651,Schroeder VS 12,59
1651,Clay BE A 10,32
1651,Schroder VS 15,53
1651,Fossey pp,"272-275, 276"
1652,UET 2,347
1652,ARM XV,86
1652,Clay BE A 14,28
1652,Schroeder VS 12,59
1652,Clay BE A 10,32
1652,Schroder VS 15,53
1652,Fossey pp,"272-275, 276"
1653,UET 2,35
1653,ARM XV,86
1653,Clay BE A 14,28
1653,Schroeder VS 12,59
1653,Clay BE A 10,32
1653,Schroder VS 15,53
1653,Fossey pp,"272-275, 276"
1654,UET 2,35
1654,ARM XV,86
1654,Clay BE A 14,28
1654,Schroeder VS 12,59
1654,Clay BE A 10,32
1654,Schroder VS 15,53
1654,Fossey pp,"272-275, 276"
1655,UET 2,343
1655,ARM XV,86
1655,Clay BE A 14,28
1655,Schroeder VS 12,59
1655,Clay BE A 10,32
1655,Schroder VS 15,53
1655,Fossey pp,"272-275, 276"
1656,UET 2,343
1656,ARM XV,86
1656,Clay BE A 14,28
1656,Schroeder VS 12,59
1656,Clay BE A 10,32
1656,Schroder VS 15,53
1656,Fossey pp,"272-275, 276"
1657,UET 2,347
1657,ARM XV,86
1657,Clay BE A 14,28
1657,Schroeder VS 12,59
1657,Clay BE A 10,32
1657,Schroder VS 15,53
1657,Fossey pp,"272-275, 276"
1658,UET 2,347
1658,ARM XV,86
1658,Clay BE A 14,28
1658,Schroeder VS 12,59
1658,Clay BE A 10,32
1658,Schroder VS 15,53
1658,Fossey pp,"272-275, 276"
1659,UET 2,343
1659,ARM XV,86
1659,Clay BE A 14,28
1659,Schroeder VS 12,59
1659,Clay BE A 10,32
1659,Schroder VS 15,53
1659,Fossey pp,"272-275, 276"
1660,UET 2,343
1660,ARM XV,86
1660,Clay BE A 14,28
1660,Schroeder VS 12,59
1660,Clay BE A 10,32
1660,Schroder VS 15,53
1660,Fossey pp,"272-275, 276"
1661,UET 2,347
1661,ARM XV,86
1661,Clay BE A 14,28
1661,Schroeder VS 12,59
1661,Clay BE A 10,32
1661,Schroder VS 15,53
1661,Fossey pp,"272-275, 276"
1662,UET 2,347
1662,ARM XV,86
1662,Clay BE A 14,28
1662,Schroeder VS 12,59
1662,Clay BE A 10,32
1662,Schroder VS 15,53
1662,Fossey pp,"272-275, 276"
1663,UET 2,343
1663,ARM XV,86
1663,Clay BE A 14,28
1663,Schroeder VS 12,59
1663,Clay BE A 10,32
1663,Schroder VS 15,53
1663,Fossey pp,"272-275, 276"
1664,UET 2,343
1664,ARM XV,86
1664,Clay BE A 14,28
1664,Schroeder VS 12,59
1664,Clay BE A 10,32
1664,Schroder VS 15,53
1664,Fossey pp,"272-275, 276"
1665,UET 2,347
1665,ARM XV,86
1665,Clay BE A 14,28
1665,Schroeder VS 12,59
1665,Clay BE A 10,32
1665,Schroder VS 15,53
1665,Fossey pp,"272-275, 276"
1666,UET 2,347
1666,ARM XV,86
1666,Clay BE A 14,28
1666,Schroeder VS 12,59
1666,Clay BE A 10,32
1666,Schroder VS 15,53
1666,Fossey pp,"272-275, 276"
1667,Fossey pp,240ff
1668,Fossey pp,240ff
1669,Fossey pp,240ff
1670,Fossey pp,240ff
1671,Fossey pp,240ff
1672,Fossey pp,240ff
1673,Fossey pp,240ff
1674,Fossey pp,240ff
1675,Fossey pp,240ff
1676,Fossey pp,240ff
1677,Fossey pp,240ff
1678,Fossey pp,240ff
1679,Fossey pp,240ff
1680,Fossey pp,240ff
1681,Fossey pp,240ff
1682,Fossey pp,240ff
1683,Fossey pp,240ff
1684,Fossey pp,240ff
1685,Fossey pp,240ff
1686,Fossey pp,240ff
1687,Fossey pp,240ff
1688,Fossey pp,240ff
1689,Fossey pp,240ff
1690,Fossey pp,240ff
1693,UET 2,374
1693,Fossey pp,"983, 1091"
1694,UET 2,374
1694,Fossey pp,"983, 1091"
1695,UET 2,374
1695,Fossey pp,"983, 1091"
1696,UET 2,374
1696,Fossey pp,"983, 1091"
1697,UET 2,374
1697,Fossey pp,"983, 1091"
1698,UET 2,374
1698,Fossey pp,"983, 1091"
1699,UET 2,374
1699,Fossey pp,"983, 1091"
1700,UET 2,374
1700,Fossey pp,"983, 1091"
1701,UET 2,374
1701,Fossey pp,"983, 1091"
1704,Clay BE A 14,156
1704,Koenig AfO Bei 16,193
1704,Fossey pp,676-678
1705,Clay BE A 14,156
1705,Koenig AfO Bei 16,193
1705,Fossey pp,676-678
1706,Clay BE A 14,156
1706,Koenig AfO Bei 16,193
1706,Fossey pp,676-678
1707,Clay BE A 14,156
1707,Koenig AfO Bei 16,193
1707,Fossey pp,676-678
1708,Clay BE A 14,156
1708,Koenig AfO Bei 16,193
1708,Fossey pp,676-678
1709,Clay BE A 14,156
1709,Koenig AfO Bei 16,193
1709,Fossey pp,676-678
1710,Clay BE A 14,156
1710,Koenig AfO Bei 16,193
1710,Fossey pp,676-678
1711,Clay BE A 14,156
1711,Koenig AfO Bei 16,193
1711,Fossey pp,676-678
1713,Fossey pp,36-43
1714,UET 2,190
1714,ARM XV,266
1714,Clay BE A 14,189
1714,Koenig AfO Bei 16,23
1714,Ranke BE A 61,161
1714,Schroeder VS 12,180
1714,Schroder VS 15,165
1714,Fossey pp,892-896
1715,UET 2,190
1715,ARM XV,266
1715,Koenig AfO Bei 16,23
1715,Ranke BE A 61,161
1715,Schroeder VS 12,180
1715,Schroder VS 15,165
1715,Fossey pp,892-896
1718,UET 2,264
1718,ARM XV,292
1718,Clay BE A 14,246
1718,Ranke BE A 61,219
1718,Schroeder VS 12,203
1718,Schroder VS 15,185
1718,Fossey pp,970ff
1719,UET 2,272
1719,ARM XV,292
1719,Clay BE A 14,246
1719,Ranke BE A 61,219
1719,Schroeder VS 12,203
1719,Schroder VS 15,185
1719,Fossey pp,970ff
1722,Fossey pp,1ff
1724,Fossey pp,46
1726,Fossey pp,281
1729,Fossey pp,282
1731,UET 2,409
1732,Fossey pp,"513ff, 1076"
1733,Fossey pp,284
1735,ARM XV,68
1735,Clay BE A 14,24
1735,Koenig AfO Bei 16,182
1735,Ranke BE A 61,18
1735,Schroeder VS 12,47
1735,Clay BE A 10,24
1735,Schroder VS 15,45
1735,Fossey pp,216-221
1736,ARM XV,68
1736,Clay BE A 14,24
1736,Koenig AfO Bei 16,182
1736,Ranke BE A 61,18
1736,Schroeder VS 12,47
1736,Clay BE A 10,24
1736,Schroder VS 15,45
1736,Fossey pp,216-221
1737,ARM XV,68
1737,Clay BE A 14,24
1737,Koenig AfO Bei 16,182
1737,Ranke BE A 61,18
1737,Schroeder VS 12,47
1737,Clay BE A 10,24
1737,Schroder VS 15,45
1737,Fossey pp,216-221
1741,UET 2,381
1741,ARM XV,257
1741,Clay BE A 14,30
1741,Ranke BE A 61,58
1741,Clay BE A 10,127
1741,Fossey pp,"857-861, 1077"
1742,Fossey pp,361
1743,Fossey pp,361
1749,UET 2,144
1749,ARM XV,270
1749,Clay BE A 14,203
1749,Koenig AfO Bei 16,183
1749,Ranke BE A 61,197
1749,Schroeder VS 12,183
1749,Schroder VS 15,168
1749,Fossey pp,911-915
1750,UET 2,145
1750,ARM XV,270
1750,Clay BE A 14,203
1750,Koenig AfO Bei 16,183
1750,Ranke BE A 61,197
1750,Schroeder VS 12,183
1750,Schroder VS 15,168
1750,Fossey pp,911-915
1751,Fossey pp,784
1752,UET 2,183
1756,UET 2,32
1756,ARM XV,89
1756,Clay BE A 14,117
1756,Ranke BE A 61,110
1756,Schroeder VS 12,62
1756,Clay BE A 10,103
1756,Schroder VS 15,55
1756,Fossey pp,285-288
1757,ARM XV,276
1757,Clay BE A 14,235
1757,Ranke BE A 61,205
1757,Schroder VS 15,178
1759,Schroeder VS 12,145
1760,UET 2,374
1760,ARM XV,135
1760,Clay BE A 14,76
1760,Koenig AfO Bei 16,27
1760,Ranke BE A 61,62
1760,Schroeder VS 12,94
1760,Clay BE A 10,64
1760,Schroder VS 15,86
1760,Fossey pp,463-467
1761,UET 2,374
1761,ARM XV,135
1761,Clay BE A 14,76
1761,Koenig AfO Bei 16,27
1761,Ranke BE A 61,62
1761,Schroeder VS 12,94
1761,Clay BE A 10,64
1761,Schroder VS 15,86
1761,Fossey pp,463-467
1765,Clay BE A 14,136
1766,UET 2,154
1766,Clay BE A 14,136
1766,Ranke BE A 61,140
1766,Fossey pp,896-900
1767,UET 2,154
1767,Clay BE A 14,136
1767,Fossey pp,896-900
1768,UET 2,154
1768,Clay BE A 14,136
1768,Fossey pp,896-900
1769,UET 2,154
1769,Clay BE A 14,136
1769,Fossey pp,896-900
1770,UET 2,77
1770,ARM XV,101
1770,Clay BE A 14,64
1770,Ranke BE A 61,52
1770,Schroeder VS 12,73
1770,Clay BE A 10,57
1770,Fossey pp,320-324
1771,UET 2,77
1771,ARM XV,101
1771,Clay BE A 14,64
1771,Ranke BE A 61,52
1771,Schroeder VS 12,73
1771,Clay BE A 10,57
1771,Fossey pp,320-324
1772,UET 2,77
1772,ARM XV,101
1772,Clay BE A 14,64
1772,Ranke BE A 61,52
1772,Schroeder VS 12,73
1772,Clay BE A 10,57
1772,Fossey pp,320-324
1773,UET 2,77
1773,ARM XV,101
1773,Clay BE A 14,64
1773,Ranke BE A 61,52
1773,Schroeder VS 12,73
1773,Clay BE A 10,57
1773,Fossey pp,320-324
1774,UET 2,77
1774,ARM XV,101
1774,Clay BE A 14,64
1774,Ranke BE A 61,52
1774,Schroeder VS 12,73
1774,Clay BE A 10,57
1774,Fossey pp,320-324
1775,UET 2,77
1775,ARM XV,101
1775,Clay BE A 14,64
1775,Ranke BE A 61,52
1775,Schroeder VS 12,73
1775,Clay BE A 10,57
1775,Fossey pp,320-324
1776,UET 2,297
1776,ARM XV,101
1776,Clay BE A 14,64
1776,Ranke BE A 61,52
1776,Schroeder VS 12,73
1776,Clay BE A 10,57
1776,Fossey pp,320-324
1778,UET 2,29
1778,Fossey pp,"704-706, 1076"
1779,UET 2,316
1792,UET 2,348
1792,ARM XV,164
1792,Clay BE A 14,118
1792,Koenig AfO Bei 16,29
1792,Ranke BE A 61,77
1792,Schroeder VS 12,121
1792,Clay BE A 10,83
1792,Fossey pp,557-559
1793,UET 2,348
1793,ARM XV,164
1793,Clay BE A 14,118
1793,Koenig AfO Bei 16,29
1793,Ranke BE A 61,77
1793,Schroeder VS 12,121
1793,Clay BE A 10,83
1793,Fossey pp,557-559
1794,UET 2,348
1794,ARM XV,164
1794,Clay BE A 14,118
1794,Koenig AfO Bei 16,29
1794,Ranke BE A 61,77
1794,Schroeder VS 12,121
1794,Clay BE A 10,83
1794,Fossey pp,557-559
1795,UET 2,348
1795,ARM XV,164
1795,Clay BE A 14,118
1795,Koenig AfO Bei 16,29
1795,Ranke BE A 61,77
1795,Schroeder VS 12,121
1795,Clay BE A 10,83
1795,Fossey pp,557-559
1796,UET 2,348
1796,ARM XV,164
1796,Clay BE A 14,118
1796,Koenig AfO Bei 16,29
1796,Ranke BE A 61,77
1796,Schroeder VS 12,121
1796,Clay BE A 10,83
1796,Fossey pp,557-559
1797,UET 2,348
1797,ARM XV,164
1797,Clay BE A 14,118
1797,Koenig AfO Bei 16,29
1797,Ranke BE A 61,77
1797,Schroeder VS 12,121
1797,Clay BE A 10,83
1797,Fossey pp,557-559
1798,UET 2,348
1798,ARM XV,164
1798,Clay BE A 14,118
1798,Koenig AfO Bei 16,29
1798,Ranke BE A 61,77
1798,Schroeder VS 12,121
1798,Clay BE A 10,83
1798,Fossey pp,557-559
1799,UET 2,348
1799,ARM XV,164
1799,Clay BE A 14,118
1799,Koenig AfO Bei 16,29
1799,Ranke BE A 61,77
1799,Schroeder VS 12,121
1799,Clay BE A 10,83
1799,Fossey pp,557-559
1800,UET 2,348
1800,ARM XV,164
1800,Clay BE A 14,118
1800,Koenig AfO Bei 16,29
1800,Ranke BE A 61,77
1800,Schroeder VS 12,121
1800,Clay BE A 10,83
1800,Fossey pp,557-559
1801,UET 2,349
1801,ARM XV,164
1801,Clay BE A 14,118
1801,Koenig AfO Bei 16,29
1801,Ranke BE A 61,77
1801,Schroeder VS 12,121
1801,Clay BE A 10,83
1801,Fossey pp,557-559
1802,UET 2,352
1802,ARM XV,164
1802,Clay BE A 14,118
1802,Koenig AfO Bei 16,29
1802,Ranke BE A 61,77
1802,Schroeder VS 12,121
1802,Clay BE A 10,83
1802,Fossey pp,557-559
1806,Clay BE A 14,175
1806,Fossey pp,870ff
1808,UET 2,219
1808,Koenig AfO Bei 16,191
1808,Schroeder VS 12,181
1808,Schroder VS 15,166
1808,Fossey pp,896-900
1809,UET 2,219
1809,Koenig AfO Bei 16,191
1809,Schroeder VS 12,181
1809,Schroder VS 15,166
1809,Fossey pp,896-900
1810,UET 2,219
1810,Koenig AfO Bei 16,191
1810,Schroeder VS 12,181
1810,Schroder VS 15,166
1810,Fossey pp,896-900
1812,UET 2,229
1812,ARM XV,179
1812,Ranke BE A 61,101
1812,Schroder VS 15,120
1812,Fossey pp,630ff
1814,UET 2,156
1814,Fossey pp,698ff
1817,Fossey pp,699
1819,Fossey pp,501
1821,UET 2,280
1822,UET 2,340
1827,ARM XV,80
1827,Clay BE A 14,122
1827,Ranke BE A 61,68
1827,Clay BE A 10,90
1827,Fossey pp,260-262
1828,ARM XV,80
1828,Clay BE A 14,122
1828,Ranke BE A 61,68
1828,Clay BE A 10,90
1828,Fossey pp,260-262
1829,ARM XV,80
1829,Clay BE A 14,122
1829,Ranke BE A 61,68
1829,Clay BE A 10,90
1829,Fossey pp,260-262
1832,UET 2,384c
1842,UET 2,89
1842,ARM XV,163
1842,Clay BE A 14,106
1842,Koenig AfO Bei 16,31
1842,Ranke BE A 61,108
1842,Schroeder VS 12,120
1842,Clay BE A 10,95
1842,Schroder VS 15,108
1842,Fossey pp,552-557
1843,UET 2,89
1843,ARM XV,163
1843,Clay BE A 14,106
1843,Koenig AfO Bei 16,31
1843,Ranke BE A 61,108
1843,Schroeder VS 12,120
1843,Clay BE A 10,95
1843,Schroder VS 15,108
1843,Fossey pp,552-557
1844,UET 2,89
1844,ARM XV,163
1844,Clay BE A 14,106
1844,Koenig AfO Bei 16,31
1844,Ranke BE A 61,108
1844,Schroeder VS 12,120
1844,Clay BE A 10,95
1844,Schroder VS 15,108
1844,Fossey pp,552-557
1845,UET 2,89
1845,ARM XV,163
1845,Clay BE A 14,106
1845,Koenig AfO Bei 16,31
1845,Ranke BE A 61,108
1845,Schroeder VS 12,120
1845,Clay BE A 10,95
1845,Schroder VS 15,108
1845,Fossey pp,552-557
1846,UET 2,89
1846,ARM XV,163
1846,Clay BE A 14,106
1846,Koenig AfO Bei 16,31
1846,Ranke BE A 61,108
1846,Schroeder VS 12,120
1846,Clay BE A 10,95
1846,Schroder VS 15,108
1846,Fossey pp,552-557
1847,UET 2,89
1847,ARM XV,163
1847,Clay BE A 14,106
1847,Koenig AfO Bei 16,31
1847,Ranke BE A 61,108
1847,Schroeder VS 12,120
1847,Clay BE A 10,95
1847,Schroder VS 15,108
1847,Fossey pp,552-557
1848,UET 2,89
1848,ARM XV,163
1848,Clay BE A 14,106
1848,Koenig AfO Bei 16,31
1848,Ranke BE A 61,108
1848,Schroeder VS 12,120
1848,Clay BE A 10,95
1848,Schroder VS 15,108
1848,Fossey pp,552-557
1849,UET 2,89
1849,ARM XV,163
1849,Clay BE A 14,106
1849,Koenig AfO Bei 16,31
1849,Ranke BE A 61,108
1849,Schroeder VS 12,120
1849,Clay BE A 10,95
1849,Schroder VS 15,108
1849,Fossey pp,552-557
1850,UET 2,89
1850,ARM XV,163
1850,Clay BE A 14,106
1850,Koenig AfO Bei 16,31
1850,Ranke BE A 61,108
1850,Schroeder VS 12,120
1850,Clay BE A 10,95
1850,Schroder VS 15,108
1850,Fossey pp,552-557
1851,UET 2,89
1851,ARM XV,163
1851,Clay BE A 14,106
1851,Koenig AfO Bei 16,31
1851,Ranke BE A 61,108
1851,Schroeder VS 12,120
1851,Clay BE A 10,95
1851,Schroder VS 15,108
1851,Fossey pp,552-557
1853,UET 2,365
1853,ARM XV,174
1853,Clay BE A 14,116
1853,Koenig AfO Bei 16,32
1853,Ranke BE A 61,94
1853,Schroeder VS 12,128
1853,Clay BE A 10,98
1853,Schroder VS 15,118
1853,Fossey pp,605-613
1854,UET 2,365
1854,ARM XV,174
1854,Clay BE A 14,116
1854,Koenig AfO Bei 16,32
1854,Ranke BE A 61,94
1854,Schroeder VS 12,128
1854,Clay BE A 10,98
1854,Schroder VS 15,118
1854,Fossey pp,605-613
1855,UET 2,365
1855,ARM XV,174
1855,Clay BE A 14,116
1855,Koenig AfO Bei 16,32
1855,Ranke BE A 61,94
1855,Schroeder VS 12,128
1855,Clay BE A 10,98
1855,Schroder VS 15,118
1855,Fossey pp,605-613
1856,UET 2,365
1856,ARM XV,174
1856,Clay BE A 14,116
1856,Koenig AfO Bei 16,32
1856,Ranke BE A 61,94
1856,Schroeder VS 12,128
1856,Clay BE A 10,98
1856,Schroder VS 15,118
1856,Fossey pp,605-613
1857,UET 2,365
1857,ARM XV,174
1857,Clay BE A 14,116
1857,Koenig AfO Bei 16,32
1857,Ranke BE A 61,94
1857,Schroeder VS 12,128
1857,Clay BE A 10,98
1857,Schroder VS 15,118
1857,Fossey pp,605-613
1858,UET 2,365
1858,ARM XV,174
1858,Clay BE A 14,116
1858,Koenig AfO Bei 16,32
1858,Ranke BE A 61,94
1858,Schroeder VS 12,128
1858,Clay BE A 10,98
1858,Schroder VS 15,118
1858,Fossey pp,605-613
1859,UET 2,365
1859,ARM XV,174
1859,Clay BE A 14,116
1859,Koenig AfO Bei 16,32
1859,Ranke BE A 61,94
1859,Schroeder VS 12,128
1859,Clay BE A 10,98
1859,Schroder VS 15,118
1859,Fossey pp,605-613
1860,UET 2,365
1860,ARM XV,174
1860,Clay BE A 14,116
1860,Koenig AfO Bei 16,32
1860,Ranke BE A 61,94
1860,Schroeder VS 12,128
1860,Clay BE A 10,98
1860,Schroder VS 15,118
1860,Fossey pp,605-613
1862,UET 2,198a
1864,Fossey pp,17
1872,Fossey pp,526
1873,Fossey pp,526
1876,Fossey pp,951ff
1877,Fossey pp,951ff
1879,Fossey pp,525
1880,UET 2,370
1880,Clay BE A 14,96
1880,Ranke BE A 61,88
1880,Schroder VS 15,76
1880,Fossey pp,"404ff, 405ff"
1881,UET 2,370
1881,Clay BE A 14,96
1881,Ranke BE A 61,88
1881,Schroder VS 15,76
1881,Fossey pp,"404ff, 405ff"
1882,UET 2,370
1882,Clay BE A 14,96
1882,Ranke BE A 61,88
1882,Schroder VS 15,76
1882,Fossey pp,"404ff, 405ff"
1883,UET 2,370
1883,Clay BE A 14,96
1883,Ranke BE A 61,88
1883,Schroder VS 15,76
1883,Fossey pp,"404ff, 405ff"
1884,Fossey pp,1036
1891,Fossey pp,1020
1897,Fossey pp,524
1898,UET 2,379
1898,ARM XV,137'
1898,Clay BE A 14,82
1898,Ranke BE A 61,82
1898,Schroeder VS 12,97
1898,Clay BE A 10,68
1898,Fossey pp,"478-480, 1081"
1899,UET 2,379
1899,ARM XV,137'
1899,Clay BE A 14,82
1899,Ranke BE A 61,82
1899,Schroeder VS 12,97
1899,Clay BE A 10,68
1899,Fossey pp,"478-480, 1081"
1900,UET 2,379
1900,ARM XV,137'
1900,Clay BE A 14,82
1900,Ranke BE A 61,82
1900,Schroeder VS 12,97
1900,Clay BE A 10,68
1900,Fossey pp,"478-480, 1081"
1905,Ranke BE A 61,218
1906,Fossey pp,518
1907,Fossey pp,518
1909,Fossey pp,524
1910,Fossey pp,524
1911,UET 2,399
1911,ARM XV,306
1911,Clay BE A 14,270
1911,Koenig AfO Bei 16,34
1911,Ranke BE A 61,182
1911,Schroeder VS 12,213
1911,Fossey pp,1015-1019
1916,Fossey pp,522
1917,Fossey pp,522
1923,Schroeder VS 12,12
1923,Fossey pp,50ff
1929,Fossey pp,582
1939,Fossey pp,44
1941,Fossey pp,421
1944,UET 2,296
1944,ARM XV,72
1944,Clay BE A 14,50
1944,Koenig AfO Bei 16,35
1944,Ranke BE A 61,26
1944,Schroeder VS 12,50
1944,Clay BE A 10,42
1944,Schroder VS 15,47
1944,Fossey pp,232-239
1945,UET 2,296
1945,ARM XV,72
1945,Clay BE A 14,50
1945,Koenig AfO Bei 16,35
1945,Ranke BE A 61,26
1945,Schroeder VS 12,50
1945,Clay BE A 10,42
1945,Schroder VS 15,47
1945,Fossey pp,232-239
1946,UET 2,296
1946,ARM XV,72
1946,Clay BE A 14,50
1946,Koenig AfO Bei 16,35
1946,Ranke BE A 61,26
1946,Schroeder VS 12,50
1946,Clay BE A 10,42
1946,Schroder VS 15,47
1946,Fossey pp,232-239
1947,UET 2,296
1947,ARM XV,72
1947,Clay BE A 14,50
1947,Koenig AfO Bei 16,35
1947,Ranke BE A 61,26
1947,Schroeder VS 12,50
1947,Clay BE A 10,42
1947,Schroder VS 15,47
1947,Fossey pp,232-239
1948,UET 2,296
1948,ARM XV,72
1948,Clay BE A 14,50
1948,Koenig AfO Bei 16,35
1948,Ranke BE A 61,26
1948,Schroeder VS 12,50
1948,Clay BE A 10,42
1948,Schroder VS 15,47
1948,Fossey pp,232-239
1949,UET 2,296
1949,ARM XV,72
1949,Clay BE A 14,50
1949,Koenig AfO Bei 16,35
1949,Ranke BE A 61,26
1949,Schroeder VS 12,50
1949,Clay BE A 10,42
1949,Schroder VS 15,47
1949,Fossey pp,232-239
1950,UET 2,296
1950,ARM XV,72
1950,Clay BE A 14,50
1950,Koenig AfO Bei 16,35
1950,Ranke BE A 61,26
1950,Schroeder VS 12,50
1950,Clay BE A 10,42
1950,Schroder VS 15,47
1950,Fossey pp,232-239
1951,UET 2,296
1951,ARM XV,72
1951,Clay BE A 14,50
1951,Koenig AfO Bei 16,35
1951,Ranke BE A 61,26
1951,Schroeder VS 12,50
1951,Clay BE A 10,42
1951,Schroder VS 15,47
1951,Fossey pp,232-239
1956,Fossey pp,989
1966,UET 2,263?
1966,Clay BE A 14,244
1966,Ranke BE A 61,123
1966,Schroder VS 15,180
1966,Fossey pp,"935-938, 1078"
1972,Schroeder VS 12,14
1980,Fossey pp,421
1986,UET 2,373
1986,Koenig AfO Bei 16,37
1986,Fossey pp,"983-985, 698"
1987,UET 2,373
1987,Koenig AfO Bei 16,37
1987,Schroeder VS 12,144
1987,Fossey pp,"983-985, 698"
1993,UET 2,413
1993,ARM XV,226
1993,Clay BE A 14,223
1993,Ranke BE A 61,190
1993,Schroeder VS 12,157
1993,Clay BE A 10,121
1993,Schroder VS 15,150
1993,Fossey pp,776-778
1994,UET 2,243
1994,ARM XV,226
1994,Clay BE A 14,223
1994,Ranke BE A 61,190
1994,Schroeder VS 12,157
1994,Clay BE A 10,121
1994,Schroder VS 15,150
1994,Fossey pp,776-778
1995,UET 2,243
1995,ARM XV,226
1995,Clay BE A 14,223
1995,Ranke BE A 61,190
1995,Schroeder VS 12,157
1995,Clay BE A 10,121
1995,Schroder VS 15,150
1995,Fossey pp,776-778
1997,Clay BE A 14,95
1998,Clay BE A 14,13
1998,Fossey pp,64
2001,Koenig AfO Bei 16,131
2002,Koenig AfO Bei 16,175
2003,Koenig AfO Bei 16,187
2004,Koenig AfO Bei 16,211
2007,ARM XV,275
2007,Clay BE A 14,195
2007,Koenig AfO Bei 16,152
2007,Ranke BE A 61,164
2007,Schroeder VS 12,188
2007,Schroder VS 15,175
2007,Fossey pp,"929ff, 1063, 1072"
2014,UET 2,84
2014,Fossey pp,1071
2017,Fossey pp,526
2018,Fossey pp,526
2020,UET 2,395
2020,Fossey pp,1088
2021,UET 2,390
2021,Fossey pp,1088
2022,UET 2,390
2022,Fossey pp,1088
2023,UET 2,390
2023,Fossey pp,1088
2024,UET 2,390
2024,Fossey pp,1088
2025,UET 2,390
2025,Fossey pp,1088
2026,UET 2,390
2026,Fossey pp,1088
2032,Fossey pp,1066
2033,UET 2,276
2036,Fossey pp,"939, 940ff, 1078"
2037,Fossey pp,618ff
2039,Koenig AfO Bei 16,154
2042,UET 2,298
2042,Clay BE A 14,133
2042,Ranke BE A 61,57
2042,Schroeder VS 12,82
2042,Schroder VS 15,73a
2042,Fossey pp,381-383
2043,UET 2,300
2043,Clay BE A 14,133
2043,Ranke BE A 61,57
2043,Schroeder VS 12,82
2043,Schroder VS 15,73a
2043,Fossey pp,381-383
2044,UET 2,298
2044,Clay BE A 14,133
2044,Ranke BE A 61,57
2044,Schroeder VS 12,82
2044,Schroder VS 15,73a
2044,Fossey pp,381-383
2045,UET 2,300
2045,Clay BE A 14,133
2045,Ranke BE A 61,57
2045,Schroeder VS 12,82
2045,Schroder VS 15,73a
2045,Fossey pp,381-383
2046,UET 2,298
2046,Clay BE A 14,133
2046,Ranke BE A 61,57
2046,Schroeder VS 12,82
2046,Schroder VS 15,73a
2046,Fossey pp,381-383
2047,UET 2,300
2047,Clay BE A 14,133
2047,Ranke BE A 61,57
2047,Schroeder VS 12,82
2047,Schroder VS 15,73a
2047,Fossey pp,381-383
2048,UET 2,298
2048,Clay BE A 14,133
2048,Ranke BE A 61,57
2048,Schroeder VS 12,82
2048,Schroder VS 15,73a
2048,Fossey pp,381-383
2049,UET 2,300
2049,Clay BE A 14,133
2049,Ranke BE A 61,57
2049,Schroeder VS 12,82
2049,Schroder VS 15,73a
2049,Fossey pp,381-383
2050,UET 2,298
2050,Clay BE A 14,133
2050,Ranke BE A 61,57
2050,Schroeder VS 12,82
2050,Schroder VS 15,73a
2050,Fossey pp,381-383
2051,UET 2,300
2051,Clay BE A 14,133
2051,Ranke BE A 61,57
2051,Schroeder VS 12,82
2051,Schroder VS 15,73a
2051,Fossey pp,381-383
2052,UET 2,298
2052,Clay BE A 14,133
2052,Ranke BE A 61,57
2052,Schroeder VS 12,82
2052,Schroder VS 15,73a
2052,Fossey pp,381-383
2053,UET 2,300
2053,Clay BE A 14,133
2053,Ranke BE A 61,57
2053,Schroeder VS 12,82
2053,Schroder VS 15,73a
2053,Fossey pp,381-383
2065,UET 2,368
2065,ARM XV,170
2065,Clay BE A 14,113
2065,Koenig AfO Bei 16,39
2065,Ranke BE A 61,76
2065,Schroeder VS 12,125
2065,Clay BE A 10,81
2065,Schroder VS 15,114
2065,Fossey pp,588-594
2066,UET 2,368
2066,ARM XV,170
2066,Clay BE A 14,113
2066,Koenig AfO Bei 16,39
2066,Ranke BE A 61,76
2066,Schroeder VS 12,125
2066,Clay BE A 10,81
2066,Schroder VS 15,114
2066,Fossey pp,588-594
2067,UET 2,368
2067,ARM XV,170
2067,Clay BE A 14,113
2067,Koenig AfO Bei 16,39
2067,Ranke BE A 61,76
2067,Schroeder VS 12,125
2067,Clay BE A 10,81
2067,Schroder VS 15,114
2067,Fossey pp,588-594
2068,UET 2,369
2068,ARM XV,170
2068,Clay BE A 14,113
2068,Koenig AfO Bei 16,39
2068,Ranke BE A 61,76
2068,Schroeder VS 12,125
2068,Clay BE A 10,81
2068,Schroder VS 15,114
2068,Fossey pp,588-594
2073,UET 2,317
2073,ARM XV,148
2073,Koenig AfO Bei 16,100
2073,Ranke BE A 61,92
2073,Schroeder VS 12,108
2073,Clay BE A 10,96
2073,Fossey pp,516-518
2074,UET 2,317
2074,ARM XV,148
2074,Koenig AfO Bei 16,132
2074,Ranke BE A 61,92
2074,Schroeder VS 12,108
2074,Clay BE A 10,96
2074,Fossey pp,516-518
2075,UET 2,317
2075,ARM XV,148
2075,Koenig AfO Bei 16,100
2075,Ranke BE A 61,92
2075,Schroeder VS 12,108
2075,Clay BE A 10,96
2075,Fossey pp,516-518
2076,UET 2,317
2076,ARM XV,148
2076,Koenig AfO Bei 16,132
2076,Ranke BE A 61,92
2076,Schroeder VS 12,108
2076,Clay BE A 10,96
2076,Fossey pp,516-518
2077,UET 2,317
2077,ARM XV,148
2077,Koenig AfO Bei 16,100
2077,Ranke BE A 61,92
2077,Schroeder VS 12,108
2077,Clay BE A 10,96
2077,Fossey pp,516-518
2078,UET 2,317
2078,ARM XV,148
2078,Koenig AfO Bei 16,132
2078,Ranke BE A 61,92
2078,Schroeder VS 12,108
2078,Clay BE A 10,96
2078,Fossey pp,516-518
2079,UET 2,317
2079,ARM XV,148
2079,Koenig AfO Bei 16,100
2079,Ranke BE A 61,92
2079,Schroeder VS 12,108
2079,Clay BE A 10,96
2079,Fossey pp,516-518
2080,UET 2,317
2080,ARM XV,148
2080,Koenig AfO Bei 16,132
2080,Ranke BE A 61,92
2080,Schroeder VS 12,108
2080,Clay BE A 10,96
2080,Fossey pp,516-518
2081,UET 2,317
2081,ARM XV,148
2081,Koenig AfO Bei 16,100
2081,Ranke BE A 61,92
2081,Schroeder VS 12,108
2081,Clay BE A 10,96
2081,Fossey pp,516-518
2082,UET 2,317
2082,ARM XV,148
2082,Koenig AfO Bei 16,132
2082,Ranke BE A 61,92
2082,Schroeder VS 12,108
2082,Clay BE A 10,96
2082,Fossey pp,516-518
2083,UET 2,317
2083,ARM XV,148
2083,Koenig AfO Bei 16,100
2083,Ranke BE A 61,92
2083,Schroeder VS 12,108
2083,Clay BE A 10,96
2083,Fossey pp,516-518
2084,UET 2,317
2084,ARM XV,148
2084,Koenig AfO Bei 16,132
2084,Ranke BE A 61,92
2084,Schroeder VS 12,108
2084,Clay BE A 10,96
2084,Fossey pp,516-518
2092,UET 2,71
2092,ARM XV,117
2092,Clay BE A 14,114
2092,Koenig AfO Bei 16,40
2092,Ranke BE A 61,87
2092,Clay BE A 10,84
2092,Schroder VS 15,75
2092,Fossey pp,401-403
2093,UET 2,71
2093,ARM XV,117
2093,Clay BE A 14,114
2093,Koenig AfO Bei 16,40
2093,Ranke BE A 61,87
2093,Clay BE A 10,84
2093,Schroder VS 15,75
2093,Fossey pp,401-403
2094,UET 2,71
2094,ARM XV,117
2094,Clay BE A 14,114
2094,Koenig AfO Bei 16,40
2094,Ranke BE A 61,87
2094,Clay BE A 10,84
2094,Schroder VS 15,75
2094,Fossey pp,401-403
2096,Fossey pp,"403, 112"
2103,Fossey pp,524
2104,Fossey pp,524
2107,UET 2,217
2107,ARM XV,67
2107,Clay BE A 14,56
2107,Schroeder VS 12,46
2107,Clay BE A 10,51
2107,Fossey pp,213ff
2108,UET 2,217
2108,ARM XV,67
2108,Clay BE A 14,56
2108,Schroeder VS 12,46
2108,Clay BE A 10,51
2108,Fossey pp,213ff
2119,Fossey pp,518
2124,Fossey pp,823
2125,Fossey pp,823
2127,UET 2,107
2127,ARM XV,194
2127,Clay BE A 14,162
2127,Koenig AfO Bei 16,41
2127,Ranke BE A 61,141
2127,Schroeder VS 12,140
2127,Clay BE A 10,141
2127,Schroder VS 15,129
2127,Fossey pp,683-686
2128,UET 2,107
2128,ARM XV,194
2128,Clay BE A 14,162
2128,Koenig AfO Bei 16,140
2128,Ranke BE A 61,141
2128,Schroeder VS 12,140
2128,Clay BE A 10,141
2128,Schroder VS 15,129
2128,Fossey pp,683-686
2129,UET 2,107
2129,ARM XV,194
2129,Clay BE A 14,162
2129,Koenig AfO Bei 16,41
2129,Ranke BE A 61,141
2129,Schroeder VS 12,140
2129,Clay BE A 10,141
2129,Schroder VS 15,129
2129,Fossey pp,683-686
2130,UET 2,107
2130,ARM XV,194
2130,Clay BE A 14,162
2130,Koenig AfO Bei 16,140
2130,Ranke BE A 61,141
2130,Schroeder VS 12,140
2130,Clay BE A 10,141
2130,Schroder VS 15,129
2130,Fossey pp,683-686
2136,Fossey pp,"940, 941"
2137,Fossey pp,945
2138,Fossey pp,949
2139,Fossey pp,"435, 673"
2140,Fossey pp,"435, 673"
2141,Fossey pp,"435, 673"
2142,Fossey pp,"435, 673"
2143,Fossey pp,"435, 673"
2144,Fossey pp,"435, 673"
2146,Fossey pp,526
2147,Fossey pp,526
2154,UET 2,116
2154,Koenig AfO Bei 16,42
2154,Schroder VS 15,139
2154,Fossey pp,733
2155,Fossey pp,122ff
2157,ARM XV,105
2157,Ranke BE A 61,53
2157,Schroeder VS 12,76b
2157,Schroder VS 15,65
2157,Fossey pp,332-337
2158,UET 2,47
2159,UET 2,47
2160,UET 2,47
2161,UET 2,47
2163,UET 2,61
2163,ARM XV,77
2163,Koenig AfO Bei 16,79
2163,Ranke BE A 61,36
2163,Schroeder VS 12,54
2163,Fossey pp,253-255
2165,Fossey pp,330
2167,Fossey pp,520
2173,UET 2,396
2173,ARM XV,323
2173,Clay BE A 14,272
2173,Koenig AfO Bei 16,160
2173,Ranke BE A 61,234
2173,Schroder VS 15,206
2183,UET 2,110
2183,ARM XV,186
2183,Clay BE A 14,160
2183,Ranke BE A 61,124
2183,Schroeder VS 12,132
2183,Clay BE A 10,139
2183,Schroder VS 15,124
2183,Fossey pp,647-651
2197,Fossey pp,520
2203,Fossey pp,997
2204,Fossey pp,949
2211,Clay BE A 14,149
2211,Clay BE A 10,138
2211,Schroder VS 15,134
2211,Fossey pp,703
2214,Clay BE A 10,22
2214,Schroder VS 15,27
2214,Fossey pp,131-135
2215,Clay BE A 14,80
2215,Ranke BE A 61,79
2215,Schroeder VS 12,91
2215,Fossey pp,438ff
2217,Fossey pp,521ff
2221,Fossey pp,521
2222,Fossey pp,524
2223,Fossey pp,524
2224,Fossey pp,1065
2225,Fossey pp,1065
2227,Fossey pp,530
2228,UET 2,398
2228,ARM XV,303
2228,Clay BE A 14,267
2228,Ranke BE A 61,216
2228,Schroeder VS 12,212
2228,Schroder VS 15,196
2228,Fossey pp,1006ff
2234,Fossey pp,"716, 1081"
2235,Fossey pp,"716, 1081"
2236,Fossey pp,"716, 1081"
2237,Fossey pp,"716, 1081"
2244,Fossey pp,954
2245,UET 2,314
2245,ARM XV,137a
2245,Schroeder VS 12,98
2245,Fossey pp,481ff
2246,UET 2,314
2246,Schroeder VS 12,98
2246,Fossey pp,481ff
2253,ARM XV,60
2253,Clay BE A 14,44
2253,Koenig AfO Bei 16,43
2253,Ranke BE A 61,29
2253,Schroeder VS 12,42
2253,Clay BE A 10,41
2253,Schroder VS 15,40
2254,UET 2,255
2254,ARM XV,60
2254,Clay BE A 14,44
2254,Koenig AfO Bei 16,43
2254,Ranke BE A 61,29
2254,Schroeder VS 12,42
2254,Clay BE A 10,41
2254,Schroder VS 15,40
2258,UET 2,257
2258,ARM XV,176
2258,Clay BE A 14,154
2258,Ranke BE A 61,135
2258,Fossey pp,615-618
2259,UET 2,257
2259,ARM XV,176
2259,Clay BE A 14,154
2259,Ranke BE A 61,135
2259,Fossey pp,615-618
2260,UET 2,103c
2260,Clay BE A 14,97
2260,Schroeder VS 12,88
2260,Fossey pp,421-424
2261,UET 2,103c
2261,Clay BE A 14,97
2261,Schroeder VS 12,88
2261,Fossey pp,421-424
2262,UET 2,103c
2262,Clay BE A 14,97
2262,Schroeder VS 12,88
2262,Fossey pp,421-424
2264,Koenig AfO Bei 16,44
2264,Fossey pp,990
2270,Fossey pp,1033
2272,Fossey pp,1033ff
2273,Fossey pp,1033ff
2278,UET 2,175
2278,Clay BE A 14,176
2278,Ranke BE A 61,154
2278,Fossey pp,871ff
2280,ARM XV,280'
2280,Clay BE A 14,245
2280,Schroeder VS 12,194
2280,Fossey pp,939ff
2286,UET 2,256
2286,Schroeder VS 12,27
2286,Fossey pp,130ff
2291,Fossey pp,216
2295,ARM XV,320
2295,Clay BE A 14,259
2295,Ranke BE A 61,144
2295,Schroeder VS 12,224
2295,Schroder VS 15,205
2295,Fossey pp,"1047-1054, 950"
2296,ARM XV,320
2296,Clay BE A 14,259
2296,Ranke BE A 61,144
2296,Schroeder VS 12,224
2296,Schroder VS 15,205
2296,Fossey pp,"1047-1054, 950"
2297,ARM XV,320
2297,Clay BE A 14,259
2297,Ranke BE A 61,144
2297,Schroeder VS 12,224
2297,Schroder VS 15,205
2297,Fossey pp,"1047-1054, 950"
2298,ARM XV,320
2298,Clay BE A 14,259
2298,Ranke BE A 61,144
2298,Schroeder VS 12,224
2298,Schroder VS 15,205
2298,Fossey pp,"1047-1054, 950"
2300,UET 2,210
2300,ARM XV,197
2300,Clay BE A 14,171
2300,Koenig AfO Bei 16,84
2300,Ranke BE A 61,132
2300,Clay BE A 10,147
2300,Schroder VS 15,131
2300,Fossey pp,691-694
2301,UET 2,210
2301,Clay BE A 14,171
2301,Koenig AfO Bei 16,133
2301,Ranke BE A 61,132
2301,Clay BE A 10,147
2301,Fossey pp,691-694
2302,UET 2,210
2302,ARM XV,197
2302,Clay BE A 14,171
2302,Koenig AfO Bei 16,84
2302,Ranke BE A 61,132
2302,Clay BE A 10,147
2302,Schroder VS 15,131
2302,Fossey pp,691-694
2303,UET 2,210
2303,Clay BE A 14,171
2303,Koenig AfO Bei 16,133
2303,Ranke BE A 61,132
2303,Clay BE A 10,147
2303,Fossey pp,691-694
2304,UET 2,210
2304,ARM XV,197
2304,Clay BE A 14,171
2304,Koenig AfO Bei 16,84
2304,Ranke BE A 61,132
2304,Clay BE A 10,147
2304,Schroder VS 15,131
2304,Fossey pp,691-694
2305,UET 2,210
2305,Clay BE A 14,171
2305,Koenig AfO Bei 16,133
2305,Ranke BE A 61,132
2305,Clay BE A 10,147
2305,Fossey pp,691-694
2306,UET 2,210
2306,ARM XV,197
2306,Clay BE A 14,171
2306,Koenig AfO Bei 16,84
2306,Ranke BE A 61,132
2306,Clay BE A 10,147
2306,Schroder VS 15,131
2306,Fossey pp,691-694
2307,UET 2,210
2307,Clay BE A 14,171
2307,Koenig AfO Bei 16,133
2307,Ranke BE A 61,132
2307,Clay BE A 10,147
2307,Fossey pp,691-694
2310,Fossey pp,833
2311,ARM XV,9
2311,Clay BE A 14,6
2311,Schroeder VS 12,7
2311,Clay BE A 10,5
2311,Fossey pp,22-24
2312,ARM XV,9
2312,Clay BE A 14,6
2312,Schroeder VS 12,7
2312,Clay BE A 10,5
2312,Fossey pp,22-24
2313,ARM XV,259
2313,Koenig AfO Bei 16,45
2313,Ranke BE A 61,180
2313,Schroeder VS 12,175
2313,Schroder VS 15,162
2313,Fossey pp,865-869
2314,ARM XV,259
2314,Koenig AfO Bei 16,45
2314,Ranke BE A 61,180
2314,Schroeder VS 12,175
2314,Schroder VS 15,162
2314,Fossey pp,865-869
2315,ARM XV,259
2315,Koenig AfO Bei 16,45
2315,Ranke BE A 61,180
2315,Schroeder VS 12,175
2315,Schroder VS 15,162
2315,Fossey pp,865-869
2316,ARM XV,259
2316,Koenig AfO Bei 16,45
2316,Ranke BE A 61,180
2316,Schroeder VS 12,175
2316,Schroder VS 15,162
2316,Fossey pp,865-869
2317,ARM XV,259
2317,Koenig AfO Bei 16,45
2317,Ranke BE A 61,180
2317,Schroeder VS 12,175
2317,Schroder VS 15,162
2317,Fossey pp,865-869
2318,ARM XV,259
2318,Koenig AfO Bei 16,45
2318,Ranke BE A 61,180
2318,Schroeder VS 12,175
2318,Schroder VS 15,162
2318,Fossey pp,865-869
2319,ARM XV,259
2319,Koenig AfO Bei 16,45
2319,Ranke BE A 61,180
2319,Schroeder VS 12,175
2319,Schroder VS 15,162
2319,Fossey pp,865-869
2320,ARM XV,259
2320,Koenig AfO Bei 16,45
2320,Ranke BE A 61,180
2320,Schroeder VS 12,175
2320,Schroder VS 15,162
2320,Fossey pp,865-869
2321,ARM XV,259
2321,Koenig AfO Bei 16,45
2321,Ranke BE A 61,180
2321,Schroeder VS 12,175
2321,Schroder VS 15,162
2321,Fossey pp,865-869
2322,ARM XV,259
2322,Koenig AfO Bei 16,45
2322,Ranke BE A 61,180
2322,Schroeder VS 12,175
2322,Schroder VS 15,162
2322,Fossey pp,865-869
2323,ARM XV,259
2323,Koenig AfO Bei 16,45
2323,Ranke BE A 61,180
2323,Schroeder VS 12,175
2323,Schroder VS 15,162
2323,Fossey pp,865-869
2324,ARM XV,259
2324,Koenig AfO Bei 16,45
2324,Ranke BE A 61,180
2324,Schroeder VS 12,175
2324,Schroder VS 15,162
2324,Fossey pp,865-869
2325,ARM XV,259
2325,Koenig AfO Bei 16,45
2325,Ranke BE A 61,180
2325,Schroeder VS 12,175
2325,Schroder VS 15,162
2325,Fossey pp,865-869
2326,ARM XV,259
2326,Koenig AfO Bei 16,45
2326,Ranke BE A 61,180
2326,Schroeder VS 12,175
2326,Schroder VS 15,162
2326,Fossey pp,865-869
2327,ARM XV,259
2327,Koenig AfO Bei 16,45
2327,Ranke BE A 61,180
2327,Schroeder VS 12,175
2327,Schroder VS 15,162
2327,Fossey pp,865-869
2328,ARM XV,259
2328,Koenig AfO Bei 16,45
2328,Ranke BE A 61,180
2328,Schroeder VS 12,175
2328,Schroder VS 15,162
2328,Fossey pp,865-869
2329,ARM XV,259
2329,Koenig AfO Bei 16,45
2329,Ranke BE A 61,180
2329,Schroeder VS 12,175
2329,Schroder VS 15,162
2329,Fossey pp,865-869
2330,ARM XV,259
2330,Koenig AfO Bei 16,45
2330,Ranke BE A 61,180
2330,Schroeder VS 12,175
2330,Schroder VS 15,162
2330,Fossey pp,865-869
2331,ARM XV,259
2331,Koenig AfO Bei 16,45
2331,Ranke BE A 61,180
2331,Schroeder VS 12,175
2331,Schroder VS 15,162
2331,Fossey pp,865-869
2332,ARM XV,259
2332,Koenig AfO Bei 16,45
2332,Ranke BE A 61,180
2332,Schroeder VS 12,175
2332,Schroder VS 15,162
2332,Fossey pp,865-869
2333,ARM XV,259
2333,Koenig AfO Bei 16,45
2333,Ranke BE A 61,180
2333,Schroeder VS 12,175
2333,Schroder VS 15,162
2333,Fossey pp,865-869
2334,ARM XV,259
2334,Koenig AfO Bei 16,45
2334,Ranke BE A 61,180
2334,Schroeder VS 12,175
2334,Schroder VS 15,162
2334,Fossey pp,865-869
2335,ARM XV,259
2335,Koenig AfO Bei 16,45
2335,Ranke BE A 61,180
2335,Schroeder VS 12,175
2335,Schroder VS 15,162
2335,Fossey pp,865-869
2336,ARM XV,259
2336,Koenig AfO Bei 16,45
2336,Ranke BE A 61,180
2336,Schroeder VS 12,175
2336,Schroder VS 15,162
2336,Fossey pp,865-869
2342,UET 2,181
2342,Fossey pp,840
2376,UET 2,312
2376,ARM XV,156
2376,Clay BE A 14,130
2376,Koenig AfO Bei 16,46
2376,Ranke BE A 61,91
2376,Schroeder VS 12,115
2376,Clay BE A 10,107
2376,Schroder VS 15,103
2376,Fossey pp,538ff
2377,UET 2,312
2377,ARM XV,156
2377,Clay BE A 14,130
2377,Koenig AfO Bei 16,72
2377,Ranke BE A 61,91
2377,Schroeder VS 12,115
2377,Clay BE A 10,107
2377,Schroder VS 15,103
2377,Fossey pp,538ff
2378,UET 2,312
2378,ARM XV,156
2378,Clay BE A 14,130
2378,Koenig AfO Bei 16,75
2378,Ranke BE A 61,91
2378,Schroeder VS 12,115
2378,Clay BE A 10,107
2378,Schroder VS 15,103
2378,Fossey pp,538ff
2382,Fossey pp,503ff
2383,Fossey pp,503ff
2388,Fossey pp,546
2390,UET 2,337
2390,Clay BE A 14,12
2390,Clay BE A 10,12
2390,Schroder VS 15,14
2390,Fossey pp,63ff
2391,Clay BE A 14,12
2391,Clay BE A 10,12
2391,Schroder VS 15,14
2391,Fossey pp,63ff
2403,UET 2,393
2403,ARM XV,302
2403,Clay BE A 14,266
2403,Koenig AfO Bei 16,47
2403,Ranke BE A 61,217
2403,Schroeder VS 12,211
2403,Schroder VS 15,195
2403,Fossey pp,1007-1010
2405,UET 2,331
2405,Clay BE A 14,121
2405,Koenig AfO Bei 16,181
2405,Ranke BE A 61,72
2405,Schroeder VS 12,55
2405,Clay BE A 10,89
2405,Schroder VS 15,51
2405,Fossey pp,"256-260, 265"
2406,UET 2,331
2406,Clay BE A 14,121
2406,Koenig AfO Bei 16,181
2406,Ranke BE A 61,72
2406,Schroeder VS 12,55
2406,Clay BE A 10,89
2406,Schroder VS 15,51
2406,Fossey pp,"256-260, 265"
2408,UET 2,231
2408,Clay BE A 14,86
2408,Fossey pp,53ff
2410,UET 2,99
2410,Clay BE A 14,260
2410,Schroeder VS 12,45
2410,Schroder VS 15,44
2410,Fossey pp,210-212
2411,UET 2,100
2411,Fossey pp,210-212
2412,Fossey pp,"385, 389"
2413,Fossey pp,391
2414,UET 2,73
2414,ARM XV,158'
2414,Clay BE A 14,131
2414,Koenig AfO Bei 16,48
2414,Ranke BE A 61,104
2414,Schroeder VS 12,116
2414,Clay BE A 10,111
2414,Schroder VS 15,104
2414,Fossey pp,539ff
2417,Fossey pp,282
2421,Ranke BE A 61,198
2421,Fossey pp,817ff
2422,Fossey pp,774
2424,Schroeder VS 12,223
2424,Fossey pp,1044
2431,Fossey pp,1024
2439,UET 2,172
2439,ARM XV,249
2439,Clay BE A 14,177
2439,Ranke BE A 61,149
2439,Schroeder VS 12,169
2439,Clay BE A 10,154
2439,Fossey pp,837-840
2441,Fossey pp,1024
2443,UET 2,65
2443,Clay BE A 14,137
2443,Koenig AfO Bei 16,50
2443,Ranke BE A 61,105
2443,Schroeder VS 12,57
2443,Clay BE A 10,116
2443,Schroder VS 15,106
2443,Fossey pp,267-269
2444,UET 2,65
2444,Clay BE A 14,137
2444,Koenig AfO Bei 16,50
2444,Ranke BE A 61,105
2444,Schroeder VS 12,57
2444,Clay BE A 10,116
2444,Schroder VS 15,106
2444,Fossey pp,267-269
2448,UET 2,313
2449,Fossey pp,986ff
2450,Fossey pp,"104-106, 1075"
2451,Fossey pp,519ff
2457,Fossey pp,560
2460,UET 2,308
2461,UET 2,308
2464,Koenig AfO Bei 16,51
2464,Schroeder VS 12,185_b
2470,UET 2,207
2470,ARM XV,317
2470,Clay BE A 14,274
2470,Koenig AfO Bei 16,53
2470,Ranke BE A 61,233
2470,Schroeder VS 12,222
2470,Schroder VS 15,203
2470,Fossey pp,1037-1043
2471,UET 2,207
2471,ARM XV,317
2471,Clay BE A 14,274
2471,Koenig AfO Bei 16,53
2471,Ranke BE A 61,233
2471,Schroeder VS 12,222
2471,Schroder VS 15,203
2471,Fossey pp,1037-1043
2472,UET 2,207
2472,ARM XV,317
2472,Clay BE A 14,274
2472,Koenig AfO Bei 16,53
2472,Ranke BE A 61,233
2472,Schroeder VS 12,222
2472,Schroder VS 15,203
2472,Fossey pp,1037-1043
2473,UET 2,207
2473,ARM XV,317
2473,Clay BE A 14,274
2473,Koenig AfO Bei 16,53
2473,Ranke BE A 61,233
2473,Schroeder VS 12,222
2473,Schroder VS 15,203
2473,Fossey pp,1037-1043
2474,UET 2,207
2474,ARM XV,317
2474,Clay BE A 14,274
2474,Koenig AfO Bei 16,53
2474,Ranke BE A 61,233
2474,Schroeder VS 12,222
2474,Schroder VS 15,203
2474,Fossey pp,1037-1043
2475,UET 2,207
2475,ARM XV,317
2475,Clay BE A 14,274
2475,Koenig AfO Bei 16,53
2475,Ranke BE A 61,233
2475,Schroeder VS 12,222
2475,Schroder VS 15,203
2475,Fossey pp,1037-1043
2477,Schroeder VS 12,164
2480,Fossey pp,910
2483,UET 2,2
2483,ARM XV,2
2483,Clay BE A 14,2
2483,Koenig AfO Bei 16,54
2483,Ranke BE A 61,2
2483,Clay BE A 10,2
2483,Schroder VS 15,2
2483,Fossey pp,1ff
2496,UET 2,192
2496,ARM XV,238
2496,Clay BE A 14,230
2496,Koenig AfO Bei 16,55
2496,Ranke BE A 61,199
2496,Schroeder VS 12,162
2496,Schroder VS 15,154
2496,Fossey pp,"807-815, 1077"
2497,UET 2,192
2497,ARM XV,238
2497,Clay BE A 14,230
2497,Koenig AfO Bei 16,109
2497,Ranke BE A 61,199
2497,Schroeder VS 12,162
2497,Schroder VS 15,154
2497,Fossey pp,"807-815, 1077"
2498,UET 2,192
2498,ARM XV,238
2498,Clay BE A 14,230
2498,Koenig AfO Bei 16,55
2498,Ranke BE A 61,199
2498,Schroeder VS 12,162
2498,Schroder VS 15,154
2498,Fossey pp,"807-815, 1077"
2499,UET 2,192
2499,ARM XV,238
2499,Clay BE A 14,230
2499,Koenig AfO Bei 16,109
2499,Ranke BE A 61,199
2499,Schroeder VS 12,162
2499,Schroder VS 15,154
2499,Fossey pp,"807-815, 1077"
2500,UET 2,192
2500,ARM XV,238
2500,Clay BE A 14,230
2500,Koenig AfO Bei 16,55
2500,Ranke BE A 61,199
2500,Schroeder VS 12,162
2500,Schroder VS 15,154
2500,Fossey pp,"807-815, 1077"
2501,UET 2,192
2501,ARM XV,238
2501,Clay BE A 14,230
2501,Koenig AfO Bei 16,109
2501,Ranke BE A 61,199
2501,Schroeder VS 12,162
2501,Schroder VS 15,154
2501,Fossey pp,"807-815, 1077"
2502,UET 2,192
2502,ARM XV,238
2502,Clay BE A 14,230
2502,Koenig AfO Bei 16,55
2502,Ranke BE A 61,199
2502,Schroeder VS 12,162
2502,Schroder VS 15,154
2502,Fossey pp,"807-815, 1077"
2503,UET 2,192
2503,ARM XV,238
2503,Clay BE A 14,230
2503,Koenig AfO Bei 16,109
2503,Ranke BE A 61,199
2503,Schroeder VS 12,162
2503,Schroder VS 15,154
2503,Fossey pp,"807-815, 1077"
2504,UET 2,192
2504,ARM XV,238
2504,Clay BE A 14,230
2504,Koenig AfO Bei 16,55
2504,Ranke BE A 61,199
2504,Schroeder VS 12,162
2504,Schroder VS 15,154
2504,Fossey pp,"807-815, 1077"
2505,UET 2,192
2505,ARM XV,238
2505,Clay BE A 14,230
2505,Koenig AfO Bei 16,109
2505,Ranke BE A 61,199
2505,Schroeder VS 12,162
2505,Schroder VS 15,154
2505,Fossey pp,"807-815, 1077"
2506,UET 2,192
2506,ARM XV,238
2506,Clay BE A 14,230
2506,Koenig AfO Bei 16,55
2506,Ranke BE A 61,199
2506,Schroeder VS 12,162
2506,Schroder VS 15,154
2506,Fossey pp,"807-815, 1077"
2507,UET 2,192
2507,ARM XV,238
2507,Clay BE A 14,230
2507,Koenig AfO Bei 16,109
2507,Ranke BE A 61,199
2507,Schroeder VS 12,162
2507,Schroder VS 15,154
2507,Fossey pp,"807-815, 1077"
2508,Fossey pp,530
2510,Fossey pp,531
2511,Fossey pp,531
2512,Fossey pp,531
2514,Schroeder VS 12,139
2514,Fossey pp,348
2519,UET 2,184
2519,ARM XV,229
2519,Clay BE A 14,226
2519,Koenig AfO Bei 16,28
2519,Ranke BE A 61,196
2519,Schroeder VS 12,158
2519,Schroder VS 15,151
2519,Fossey pp,"782-784, 786, 632, 633, 819"
2520,UET 2,184
2520,ARM XV,229
2520,Clay BE A 14,226
2520,Koenig AfO Bei 16,57
2520,Ranke BE A 61,196
2520,Schroeder VS 12,158
2520,Schroder VS 15,151
2520,Fossey pp,"782-784, 786, 632, 633, 819"
2521,UET 2,184
2521,ARM XV,229
2521,Clay BE A 14,226
2521,Koenig AfO Bei 16,194
2521,Ranke BE A 61,196
2521,Schroeder VS 12,158
2521,Schroder VS 15,151
2521,Fossey pp,"782-784, 786, 632, 633, 819"
2525,ARM XV,241
2525,Clay BE A 14,231
2525,Ranke BE A 61,204
2527,Fossey pp,547
2528,Fossey pp,546
2531,UET 2,34
2531,ARM XV,52
2531,Clay BE A 14,36
2531,Koenig AfO Bei 16,58
2531,Ranke BE A 61,23
2531,Schroeder VS 12,36
2531,Clay BE A 10,33
2531,Schroder VS 15,35
2531,Fossey pp,166-168
2532,UET 2,34
2532,ARM XV,52
2532,Clay BE A 14,36
2532,Koenig AfO Bei 16,124
2532,Ranke BE A 61,23
2532,Schroeder VS 12,36
2532,Clay BE A 10,33
2532,Schroder VS 15,35
2532,Fossey pp,166-168
2533,Fossey pp,"213, 1075"
2534,UET 2,281
2534,ARM XV,64
2534,Clay BE A 14,260
2534,Fossey pp,"533, 1030ff"
2544,Koenig AfO Bei 16,59
2544,Fossey pp,891
2545,UET 2,274
2545,Fossey pp,990ff
2546,Fossey pp,891
2549,Fossey pp,282
2556,UET 2,161
2556,Schroeder VS 12,163
2556,Fossey pp,815ff
2557,UET 2,85
2557,ARM XV,103
2557,Clay BE A 14,146
2557,Koenig AfO Bei 16,60
2557,Ranke BE A 61,118
2557,Schroeder VS 12,75
2557,Clay BE A 10,124
2557,Schroder VS 15,64
2557,Fossey pp,330-332
2561,Schroeder VS 12,75_2
2562,ARM XV,104
2562,Clay BE A 14,147
2562,Koenig AfO Bei 16,61
2562,Ranke BE A 61,119
2562,Schroeder VS 12,75_2
2562,Clay BE A 10,125
2562,Schroder VS 15,65
2562,Fossey pp,352-354
2564,Clay BE A 14,52
2565,Fossey pp,1071
2567,UET 2,260
2567,ARM XV,289
2567,Clay BE A 14,241
2567,Koenig AfO Bei 16,68
2567,Ranke BE A 61,208
2567,Schroeder VS 12,201
2567,Schroder VS 15,183
2567,Fossey pp,957-960
2568,UET 2,260
2568,ARM XV,289
2568,Clay BE A 14,241
2568,Koenig AfO Bei 16,206
2568,Ranke BE A 61,208
2568,Schroeder VS 12,201
2568,Schroder VS 15,183
2568,Fossey pp,957-960
2569,UET 2,260
2569,ARM XV,289
2569,Clay BE A 14,241
2569,Koenig AfO Bei 16,68
2569,Ranke BE A 61,208
2569,Schroeder VS 12,201
2569,Schroder VS 15,183
2569,Fossey pp,957-960
2570,UET 2,260
2570,ARM XV,289
2570,Clay BE A 14,241
2570,Koenig AfO Bei 16,206
2570,Ranke BE A 61,208
2570,Schroeder VS 12,201
2570,Schroder VS 15,183
2570,Fossey pp,957-960
2578,ARM XV,314
2581,Fossey pp,158_2
2582,Fossey pp,158_2
2583,ARM XV,42
2583,Clay BE A 14,27
2583,Ranke BE A 61,11
2583,Schroeder VS 12,29
2583,Clay BE A 10,26
2583,Schroder VS 15,29
2584,UET 2,63
2584,ARM XV,55
2584,Clay BE A 14,257
2584,Koenig AfO Bei 16,64
2584,Ranke BE A 61,15
2584,Schroeder VS 12,38
2584,Clay BE A 10,34
2584,Schroder VS 15,37
2584,Fossey pp,179-189
2585,UET 2,63
2585,ARM XV,55
2585,Clay BE A 14,257
2585,Koenig AfO Bei 16,64
2585,Ranke BE A 61,15
2585,Schroeder VS 12,38
2585,Clay BE A 10,34
2585,Schroder VS 15,37
2585,Fossey pp,179-189
2586,UET 2,185
2586,ARM XV,261
2586,Clay BE A 14,184
2586,Koenig AfO Bei 16,93
2586,Ranke BE A 61,157
2586,Schroeder VS 12,176
2586,Schroder VS 15,163
2586,Fossey pp,874-876
2587,UET 2,185
2587,ARM XV,261
2587,Clay BE A 14,184
2587,Koenig AfO Bei 16,96
2587,Ranke BE A 61,157
2587,Schroeder VS 12,176
2587,Schroder VS 15,163
2587,Fossey pp,874-876
2588,UET 2,185
2588,ARM XV,261
2588,Clay BE A 14,184
2588,Koenig AfO Bei 16,164
2588,Ranke BE A 61,157
2588,Schroeder VS 12,176
2588,Schroder VS 15,163
2588,Fossey pp,874-876
2589,UET 2,185
2589,ARM XV,261
2589,Clay BE A 14,184
2589,Koenig AfO Bei 16,93
2589,Ranke BE A 61,157
2589,Schroeder VS 12,176
2589,Schroder VS 15,163
2589,Fossey pp,874-876
2590,UET 2,185
2590,ARM XV,261
2590,Clay BE A 14,184
2590,Koenig AfO Bei 16,96
2590,Ranke BE A 61,157
2590,Schroeder VS 12,176
2590,Schroder VS 15,163
2590,Fossey pp,874-876
2591,UET 2,185
2591,ARM XV,261
2591,Clay BE A 14,184
2591,Koenig AfO Bei 16,164
2591,Ranke BE A 61,157
2591,Schroeder VS 12,176
2591,Schroder VS 15,163
2591,Fossey pp,874-876
2592,UET 2,185
2592,ARM XV,261
2592,Clay BE A 14,184
2592,Koenig AfO Bei 16,93
2592,Ranke BE A 61,157
2592,Schroeder VS 12,176
2592,Schroder VS 15,163
2592,Fossey pp,874-876
2593,UET 2,185
2593,ARM XV,261
2593,Clay BE A 14,184
2593,Koenig AfO Bei 16,96
2593,Ranke BE A 61,157
2593,Schroeder VS 12,176
2593,Schroder VS 15,163
2593,Fossey pp,874-876
2594,UET 2,185
2594,ARM XV,261
2594,Clay BE A 14,184
2594,Koenig AfO Bei 16,164
2594,Ranke BE A 61,157
2594,Schroeder VS 12,176
2594,Schroder VS 15,163
2594,Fossey pp,874-876
2595,UET 2,240
2595,ARM XV,261
2595,Clay BE A 14,184
2595,Koenig AfO Bei 16,93
2595,Ranke BE A 61,157
2595,Schroeder VS 12,176
2595,Schroder VS 15,163
2595,Fossey pp,874-876
2596,UET 2,240
2596,ARM XV,261
2596,Clay BE A 14,184
2596,Koenig AfO Bei 16,96
2596,Ranke BE A 61,157
2596,Schroeder VS 12,176
2596,Schroder VS 15,163
2596,Fossey pp,874-876
2597,UET 2,240
2597,ARM XV,261
2597,Clay BE A 14,184
2597,Koenig AfO Bei 16,164
2597,Ranke BE A 61,157
2597,Schroeder VS 12,176
2597,Schroder VS 15,163
2597,Fossey pp,874-876
2598,UET 2,240
2598,ARM XV,261
2598,Clay BE A 14,184
2598,Koenig AfO Bei 16,93
2598,Ranke BE A 61,157
2598,Schroeder VS 12,176
2598,Schroder VS 15,163
2598,Fossey pp,874-876
2599,UET 2,240
2599,ARM XV,261
2599,Clay BE A 14,184
2599,Koenig AfO Bei 16,96
2599,Ranke BE A 61,157
2599,Schroeder VS 12,176
2599,Schroder VS 15,163
2599,Fossey pp,874-876
2600,UET 2,240
2600,ARM XV,261
2600,Clay BE A 14,184
2600,Koenig AfO Bei 16,164
2600,Ranke BE A 61,157
2600,Schroeder VS 12,176
2600,Schroder VS 15,163
2600,Fossey pp,874-876
2601,UET 2,240
2601,ARM XV,261
2601,Clay BE A 14,184
2601,Koenig AfO Bei 16,93
2601,Ranke BE A 61,157
2601,Schroeder VS 12,176
2601,Schroder VS 15,163
2601,Fossey pp,874-876
2602,UET 2,240
2602,ARM XV,261
2602,Clay BE A 14,184
2602,Koenig AfO Bei 16,96
2602,Ranke BE A 61,157
2602,Schroeder VS 12,176
2602,Schroder VS 15,163
2602,Fossey pp,874-876
2603,UET 2,240
2603,ARM XV,261
2603,Clay BE A 14,184
2603,Koenig AfO Bei 16,164
2603,Ranke BE A 61,157
2603,Schroeder VS 12,176
2603,Schroder VS 15,163
2603,Fossey pp,874-876
2606,UET 2,380
2606,ARM XV,134
2606,Clay BE A 14,91
2606,Koenig AfO Bei 16,65
2606,Ranke BE A 61,64
2606,Schroeder VS 12,93
2606,Clay BE A 10,72
2606,Schroder VS 15,85
2606,Fossey pp,"454-463, 547"
2607,UET 2,380
2607,ARM XV,134
2607,Clay BE A 14,91
2607,Koenig AfO Bei 16,65
2607,Ranke BE A 61,64
2607,Schroeder VS 12,93
2607,Clay BE A 10,72
2607,Schroder VS 15,85
2607,Fossey pp,"454-463, 547"
2608,UET 2,380
2608,ARM XV,134
2608,Clay BE A 14,91
2608,Koenig AfO Bei 16,65
2608,Ranke BE A 61,64
2608,Schroeder VS 12,93
2608,Clay BE A 10,72
2608,Schroder VS 15,85
2608,Fossey pp,"454-463, 547"
2609,UET 2,380
2609,ARM XV,134
2609,Clay BE A 14,91
2609,Koenig AfO Bei 16,65
2609,Ranke BE A 61,64
2609,Schroeder VS 12,93
2609,Clay BE A 10,72
2609,Schroder VS 15,85
2609,Fossey pp,"454-463, 547"
2611,UET 2,108_2
2611,Clay BE A 14,87
2611,Ranke BE A 61,83
2611,Clay BE A 10,82
2611,Fossey pp,595-598
2621,Fossey pp,1071
2623,Fossey pp,"734, 1062"
2624,ARM XV,116'
2624,Ranke BE A 61,117
2624,Fossey pp,400
2625,UET 2,389
2625,ARM XV,236
2625,Clay BE A 14,228
2625,Koenig AfO Bei 16,66
2625,Ranke BE A 61,201
2625,Schroeder VS 12,161
2625,Schroder VS 15,153
2625,Fossey pp,799-805
2626,UET 2,388
2626,ARM XV,236
2626,Clay BE A 14,228
2626,Koenig AfO Bei 16,66
2626,Ranke BE A 61,201
2626,Schroeder VS 12,161
2626,Schroder VS 15,153
2626,Fossey pp,799-805
2630,Clay BE A 14,276
2631,UET 2,87
2631,Fossey pp,1071
2635,ARM XV,110
2635,Clay BE A 14,232
2635,Koenig AfO Bei 16,67
2635,Ranke BE A 61,173
2635,Schroeder VS 12,80
2635,Schroder VS 15,70
2635,Fossey pp,354-360
2636,ARM XV,110
2636,Clay BE A 14,232
2636,Koenig AfO Bei 16,67
2636,Ranke BE A 61,173
2636,Schroeder VS 12,80
2636,Schroder VS 15,70
2636,Fossey pp,354-360
2639,Fossey pp,"426, 430"
2640,Fossey pp,425
2642,UET 2,411
2642,ARM XV,147
2642,Clay BE A 14,53
2642,Koenig AfO Bei 16,69
2642,Ranke BE A 61,43
2642,Schroeder VS 12,107
2642,Clay BE A 10,49
2642,Schroder VS 15,95
2642,Fossey pp,415-516
2643,UET 2,411
2643,ARM XV,147
2643,Clay BE A 14,53
2643,Koenig AfO Bei 16,69
2643,Ranke BE A 61,43
2643,Schroeder VS 12,107
2643,Clay BE A 10,49
2643,Schroder VS 15,95
2643,Fossey pp,415-516
2644,UET 2,411
2644,ARM XV,147
2644,Clay BE A 14,53
2644,Koenig AfO Bei 16,69
2644,Ranke BE A 61,43
2644,Schroeder VS 12,107
2644,Clay BE A 10,49
2644,Schroder VS 15,95
2644,Fossey pp,415-516
2645,UET 2,411
2645,ARM XV,147
2645,Clay BE A 14,53
2645,Koenig AfO Bei 16,69
2645,Ranke BE A 61,43
2645,Schroeder VS 12,107
2645,Clay BE A 10,49
2645,Schroder VS 15,95
2645,Fossey pp,415-516
2647,Fossey pp,1036
2648,Fossey pp,749
2649,Fossey pp,64
2651,UET 2,104
2651,ARM XV,139
2651,Clay BE A 14,90
2651,Ranke BE A 61,63
2651,Schroeder VS 12,100
2651,Clay BE A 10,79
2651,Schroder VS 15,89
2651,Fossey pp,486-491
2652,UET 2,105
2652,ARM XV,139
2652,Clay BE A 14,90
2652,Ranke BE A 61,63
2652,Schroeder VS 12,100
2652,Clay BE A 10,79
2652,Schroder VS 15,89
2652,Fossey pp,486-491
2653,UET 2,104
2653,ARM XV,139
2653,Clay BE A 14,90
2653,Ranke BE A 61,63
2653,Schroeder VS 12,100
2653,Clay BE A 10,79
2653,Schroder VS 15,89
2653,Fossey pp,486-491
2654,UET 2,105
2654,ARM XV,139
2654,Clay BE A 14,90
2654,Ranke BE A 61,63
2654,Schroeder VS 12,100
2654,Clay BE A 10,79
2654,Schroder VS 15,89
2654,Fossey pp,486-491
2655,UET 2,104
2655,ARM XV,139
2655,Clay BE A 14,90
2655,Ranke BE A 61,63
2655,Schroeder VS 12,100
2655,Clay BE A 10,79
2655,Schroder VS 15,89
2655,Fossey pp,486-491
2656,UET 2,105
2656,ARM XV,139
2656,Clay BE A 14,90
2656,Ranke BE A 61,63
2656,Schroeder VS 12,100
2656,Clay BE A 10,79
2656,Schroder VS 15,89
2656,Fossey pp,486-491
2667,UET 2,199
2667,ARM XV,25'
2667,Clay BE A 14,83
2667,Koenig AfO Bei 16,74
2667,Ranke BE A 61,116
2667,Schroeder VS 12,17
2667,Clay BE A 10,75
2667,Schroder VS 15,17
2667,Fossey pp,70-74
2669,Fossey pp,74
2672,Fossey pp,525
2677,UET 2,233
2677,ARM XV,15
2677,Clay BE A 14,84
2677,Koenig AfO Bei 16,76
2677,Ranke BE A 61,98
2677,Schroeder VS 12,11
2677,Clay BE A 10,15
2677,Schroder VS 15,11
2688,Schroeder VS 12,13
2692,UET 2,363
2692,ARM XV,99
2692,Clay BE A 14,100
2692,Ranke BE A 61,85
2692,Schroeder VS 12,71
2692,Clay BE A 10,86
2692,Schroder VS 15,62
2692,Fossey pp,310-315
2693,UET 2,363
2693,ARM XV,99
2693,Clay BE A 14,100
2693,Ranke BE A 61,85
2693,Schroeder VS 12,71
2693,Clay BE A 10,86
2693,Schroder VS 15,62
2693,Fossey pp,310-315
2694,UET 2,363
2694,ARM XV,99
2694,Clay BE A 14,100
2694,Ranke BE A 61,85
2694,Schroeder VS 12,71
2694,Clay BE A 10,86
2694,Schroder VS 15,62
2694,Fossey pp,310-315
2695,UET 2,363
2695,ARM XV,99
2695,Clay BE A 14,100
2695,Ranke BE A 61,85
2695,Schroeder VS 12,71
2695,Clay BE A 10,86
2695,Schroder VS 15,62
2695,Fossey pp,310-315
2696,UET 2,364
2696,Clay BE A 14,100
2696,Ranke BE A 61,85
2696,Schroeder VS 12,71
2696,Clay BE A 10,86
2696,Schroder VS 15,62
2696,Fossey pp,310-315
2697,UET 2,281
2698,UET 2,281
2699,UET 2,281
2700,UET 2,281
2701,UET 2,281
2703,Clay BE A 10,21
2703,Fossey pp,128ff
2709,UET 2,392
2709,ARM XV,145
2709,Clay BE A 14,51
2709,Ranke BE A 61,40
2709,Schroeder VS 12,105
2709,Clay BE A 10,47
2709,Schroder VS 15,93
2709,Fossey pp,510ff
2710,UET 2,392
2710,ARM XV,145
2710,Clay BE A 14,51
2710,Ranke BE A 61,40
2710,Schroeder VS 12,105
2710,Clay BE A 10,47
2710,Schroder VS 15,93
2710,Fossey pp,510ff
2712,UET 2,326
2712,ARM XV,172
2712,Clay BE A 14,105
2712,Koenig AfO Bei 16,176
2712,Ranke BE A 61,113
2712,Schroeder VS 12,127
2712,Clay BE A 10,99
2712,Schroder VS 15,116
2712,Fossey pp,601-605
2713,UET 2,327
2713,ARM XV,172
2713,Clay BE A 14,105
2713,Koenig AfO Bei 16,176
2713,Ranke BE A 61,113
2713,Schroeder VS 12,127
2713,Clay BE A 10,99
2713,Schroder VS 15,116
2713,Fossey pp,601-605
2714,UET 2,327
2714,ARM XV,172
2714,Clay BE A 14,105
2714,Koenig AfO Bei 16,176
2714,Ranke BE A 61,113
2714,Schroeder VS 12,127
2714,Clay BE A 10,99
2714,Schroder VS 15,116
2714,Fossey pp,601-605
2715,UET 2,367
2715,ARM XV,165
2715,Ranke BE A 61,114
2715,Schroeder VS 12,122
2715,Schroder VS 15,110
2715,Fossey pp,560-566
2716,UET 2,367
2716,ARM XV,165
2716,Ranke BE A 61,114
2716,Schroeder VS 12,122
2716,Schroder VS 15,110
2716,Fossey pp,560-566
2717,UET 2,367
2717,ARM XV,165
2717,Ranke BE A 61,114
2717,Schroeder VS 12,122
2717,Schroder VS 15,110
2717,Fossey pp,560-566
2718,UET 2,367
2718,ARM XV,165
2718,Ranke BE A 61,114
2718,Schroeder VS 12,122
2718,Schroder VS 15,110
2718,Fossey pp,560-566
2719,UET 2,367
2719,ARM XV,165
2719,Ranke BE A 61,114
2719,Schroeder VS 12,122
2719,Schroder VS 15,110
2719,Fossey pp,560-566
2720,UET 2,367
2720,ARM XV,165
2720,Ranke BE A 61,114
2720,Schroeder VS 12,122
2720,Schroder VS 15,110
2720,Fossey pp,560-566
2721,ARM XV,165
2721,Clay BE A 14,143
2721,Koenig AfO Bei 16,202
2721,Ranke BE A 61,114
2721,Schroeder VS 12,122
2721,Clay BE A 10,122
2721,Schroder VS 15,110
2721,Fossey pp,560-566
2724,ARM XV,235
2724,Clay BE A 14,216
2724,Koenig AfO Bei 16,78
2724,Fossey pp,"793-799, 1077"
2725,Koenig AfO Bei 16,78
2725,Ranke BE A 61,194
2726,Koenig AfO Bei 16,78
2726,Ranke BE A 61,200
2727,UET 2,47
2727,Schroeder VS 12,76a
2728,UET 2,48
2730,Fossey pp,282
2731,Fossey pp,50
2735,UET 2,196
2735,ARM XV,219
2735,Clay BE A 14,215
2735,Koenig AfO Bei 16,80
2735,Ranke BE A 61,171
2735,Schroeder VS 12,83
2735,Schroder VS 15,146
2735,Fossey pp,759-761
2736,Clay BE A 14,220
2736,Clay BE A 10,100
2736,Fossey pp,"255ff, 880ff"
2737,Clay BE A 14,220
2737,Clay BE A 10,100
2737,Fossey pp,"255ff, 880ff"
2740,Fossey pp,491
2742,Fossey pp,450
2743,Fossey pp,450
2745,UET 2,128
2745,ARM XV,116
2745,Clay BE A 14,70
2745,Ranke BE A 61,90
2745,Fossey pp,399ff
2754,Clay BE A 14,133
2754,Ranke BE A 61,57
2754,Schroeder VS 12,82
2754,Schroder VS 15,73b
2754,Fossey pp,383ff
2755,Fossey pp,918
2756,Fossey pp,530
2757,Fossey pp,"529, 843"
2758,Fossey pp,"529, 843"
2759,Fossey pp,"529, 843"
2760,UET 2,167
2760,Fossey pp,989
2761,UET 2,191
2761,ARM XV,269
2761,Clay BE A 14,190
2761,Koenig AfO Bei 16,81
2761,Ranke BE A 61,162
2761,Schroeder VS 12,182
2761,Schroder VS 15,167
2761,Fossey pp,900-910
2765,ARM XV,142
2765,Clay BE A 14,71
2765,Koenig AfO Bei 16,83
2765,Ranke BE A 61,86
2765,Schroeder VS 12,103
2765,Clay BE A 10,87
2765,Fossey pp,"504-506, 1088"
2766,ARM XV,142
2766,Clay BE A 14,71
2766,Koenig AfO Bei 16,83
2766,Ranke BE A 61,86
2766,Schroeder VS 12,103
2766,Clay BE A 10,87
2766,Fossey pp,"504-506, 1088"
2767,ARM XV,142
2767,Clay BE A 14,71
2767,Schroeder VS 12,103
2767,Clay BE A 10,87
2767,Fossey pp,"504-506, 1088"
2773,UET 2,366
2773,ARM XV,166
2773,Clay BE A 14,104
2773,Koenig AfO Bei 16,156
2773,Ranke BE A 61,93
2773,Clay BE A 10,97
2773,Fossey pp,"567-572, 572-575"
2774,UET 2,366
2774,ARM XV,166
2774,Clay BE A 14,104
2774,Clay BE A 10,97
2774,Fossey pp,"567-572, 572-575"
2775,UET 2,366
2775,ARM XV,166
2775,Clay BE A 14,104
2775,Koenig AfO Bei 16,156
2775,Clay BE A 10,97
2775,Fossey pp,"567-572, 572-575"
2776,UET 2,366
2776,ARM XV,166
2776,Clay BE A 14,104
2776,Clay BE A 10,97
2776,Fossey pp,"567-572, 572-575"
2777,UET 2,366
2777,ARM XV,166
2777,Clay BE A 14,104
2777,Koenig AfO Bei 16,156
2777,Clay BE A 10,97
2777,Fossey pp,"567-572, 572-575"
2778,UET 2,366
2778,ARM XV,166
2778,Clay BE A 14,104
2778,Clay BE A 10,97
2778,Fossey pp,"567-572, 572-575"
2779,UET 2,366
2779,ARM XV,166
2779,Clay BE A 14,104
2779,Koenig AfO Bei 16,156
2779,Clay BE A 10,97
2779,Fossey pp,"567-572, 572-575"
2780,UET 2,366
2780,ARM XV,166
2780,Clay BE A 14,104
2780,Clay BE A 10,97
2780,Fossey pp,"567-572, 572-575"
2781,UET 2,366
2781,ARM XV,166
2781,Clay BE A 14,104
2781,Koenig AfO Bei 16,156
2781,Clay BE A 10,97
2781,Fossey pp,"567-572, 572-575"
2782,UET 2,366
2782,ARM XV,166
2782,Clay BE A 14,104
2782,Clay BE A 10,97
2782,Fossey pp,"567-572, 572-575"
2783,UET 2,118
2783,Clay BE A 14,20
2784,UET 2,118
2784,Clay BE A 14,20
2792,Clay BE A 14,191
2792,Koenig AfO Bei 16,82
2792,Fossey pp,911
2793,UET 2,111
2793,ARM XV,294
2793,Clay BE A 14,247
2793,Ranke BE A 61,210
2793,Schroeder VS 12,204
2793,Schroder VS 15,186
2793,Fossey pp,971-979
2794,UET 2,112
2794,ARM XV,294
2794,Clay BE A 14,247
2794,Ranke BE A 61,210
2794,Schroeder VS 12,204
2794,Schroder VS 15,186
2794,Fossey pp,971-979
2796,Fossey pp,214
2800,Fossey pp,1059
2803,Fossey pp,851
2804,Fossey pp,851
2808,UET 2,161
2808,Clay BE A 14,204
2808,Ranke BE A 61,180
2808,Fossey pp,"832ff, 833-835"
2810,UET 2,357
2810,Fossey pp,526ff
2811,UET 2,357
2811,Fossey pp,526ff
2812,UET 2,357
2812,Fossey pp,526ff
2813,UET 2,357
2813,Fossey pp,526ff
2814,UET 2,357
2814,Fossey pp,526ff
2820,Fossey pp,"991ff, 92"
2821,Fossey pp,"991ff, 92"
2822,Fossey pp,"991ff, 92"
2823,Fossey pp,389
2824,Fossey pp,531
2825,Fossey pp,530
2828,Fossey pp,910
2832,UET 2,384a
2832,ARM XV,290
2832,Clay BE A 14,249
2832,Koenig AfO Bei 16,85
2832,Ranke BE A 61,218
2832,Schroeder VS 12,202
2832,Schroder VS 15,184
2832,Fossey pp,"960-962, 1078"
2833,UET 2,384d
2833,ARM XV,290
2833,Clay BE A 14,249
2833,Koenig AfO Bei 16,85
2833,Ranke BE A 61,218
2833,Schroeder VS 12,202
2833,Schroder VS 15,184
2833,Fossey pp,"960-962, 1078"
2834,UET 2,384a
2834,ARM XV,290
2834,Clay BE A 14,249
2834,Koenig AfO Bei 16,85
2834,Ranke BE A 61,218
2834,Schroeder VS 12,202
2834,Schroder VS 15,184
2834,Fossey pp,"960-962, 1078"
2835,UET 2,384d
2835,ARM XV,290
2835,Clay BE A 14,249
2835,Koenig AfO Bei 16,85
2835,Ranke BE A 61,218
2835,Schroeder VS 12,202
2835,Schroder VS 15,184
2835,Fossey pp,"960-962, 1078"
2836,Fossey pp,849-851
2839,UET 2,182
2839,ARM XV,272
2839,Clay BE A 14,275
2839,Ranke BE A 61,145
2839,Schroder VS 15,172
2839,Fossey pp,918-928
2840,UET 2,182
2840,ARM XV,272
2840,Clay BE A 14,275
2840,Ranke BE A 61,145
2840,Schroder VS 15,172
2840,Fossey pp,918-928
2841,UET 2,182
2841,ARM XV,272
2841,Clay BE A 14,275
2841,Ranke BE A 61,145
2841,Fossey pp,918-928
2842,UET 2,182
2842,ARM XV,272
2842,Clay BE A 14,275
2842,Ranke BE A 61,145
2842,Fossey pp,918-928
2843,Schroeder VS 12,185_c
2844,Fossey pp,107-109
2845,Fossey pp,106ff
2846,Fossey pp,673ff
2847,ARM XV,30
2847,Clay BE A 14,212
2847,Ranke BE A 61,172
2847,Schroeder VS 12,22
2847,Schroder VS 15,22
2847,Fossey pp,673
2848,Fossey pp,"267, 294ff"
2857,ARM XV,129
2857,Clay BE A 14,75
2857,Koenig AfO Bei 16,137
2857,Ranke BE A 61,78
2857,Schroeder VS 12,89
2857,Clay BE A 10,62
2857,Schroder VS 15,82
2857,Fossey pp,436-438
2858,ARM XV,129
2858,Clay BE A 14,75
2858,Koenig AfO Bei 16,137
2858,Ranke BE A 61,78
2858,Schroeder VS 12,89
2858,Clay BE A 10,62
2858,Schroder VS 15,82
2858,Fossey pp,436-438
2859,Clay BE A 14,38
2859,Clay BE A 10,31
2859,Fossey pp,"164-166, 160"
2862,Fossey pp,158
2863,Fossey pp,158
2869,Fossey pp,32
2875,Fossey pp,945
2876,UET 2,418
2876,ARM XV,211
2876,Clay BE A 14,73
2876,Koenig AfO Bei 16,88
2876,Ranke BE A 61,175
2876,Schroeder VS 12,146
2876,Schroder VS 15,140
2876,Fossey pp,734-736
2877,UET 2,418
2877,ARM XV,211
2877,Clay BE A 14,73
2877,Koenig AfO Bei 16,88
2877,Ranke BE A 61,175
2877,Schroeder VS 12,146
2877,Schroder VS 15,140
2877,Fossey pp,734-736
2878,UET 2,418
2878,ARM XV,211
2878,Clay BE A 14,73
2878,Koenig AfO Bei 16,88
2878,Ranke BE A 61,175
2878,Schroeder VS 12,146
2878,Schroder VS 15,140
2878,Fossey pp,734-736
2879,UET 2,418
2879,ARM XV,211
2879,Clay BE A 14,73
2879,Koenig AfO Bei 16,88
2879,Ranke BE A 61,175
2879,Schroeder VS 12,146
2879,Schroder VS 15,140
2879,Fossey pp,734-736
2880,UET 2,418
2880,ARM XV,211
2880,Clay BE A 14,73
2880,Koenig AfO Bei 16,88
2880,Ranke BE A 61,175
2880,Schroeder VS 12,146
2880,Schroder VS 15,140
2880,Fossey pp,734-736
2881,UET 2,418
2881,ARM XV,211
2881,Clay BE A 14,73
2881,Koenig AfO Bei 16,88
2881,Ranke BE A 61,175
2881,Schroeder VS 12,146
2881,Schroder VS 15,140
2881,Fossey pp,734-736
2882,UET 2,418
2882,ARM XV,211
2882,Clay BE A 14,73
2882,Koenig AfO Bei 16,88
2882,Ranke BE A 61,175
2882,Schroeder VS 12,146
2882,Schroder VS 15,140
2882,Fossey pp,734-736
2883,UET 2,418
2883,ARM XV,211
2883,Clay BE A 14,73
2883,Koenig AfO Bei 16,88
2883,Ranke BE A 61,175
2883,Schroeder VS 12,146
2883,Schroder VS 15,140
2883,Fossey pp,734-736
2892,Fossey pp,874
2896,UET 2,205
2896,ARM XV,27
2896,Clay BE A 14,15
2896,Koenig AfO Bei 16,88
2896,Ranke BE A 61,9
2896,Schroeder VS 12,20
2896,Clay BE A 10,14
2896,Schroder VS 15,19
2896,Fossey pp,83-94
2897,UET 2,287
2897,ARM XV,27
2897,Clay BE A 14,15
2897,Koenig AfO Bei 16,88
2897,Ranke BE A 61,9
2897,Schroeder VS 12,20
2897,Clay BE A 10,14
2897,Fossey pp,83-94
2898,UET 2,205
2898,ARM XV,27
2898,Clay BE A 14,15
2898,Koenig AfO Bei 16,88
2898,Ranke BE A 61,9
2898,Schroeder VS 12,20
2898,Clay BE A 10,14
2898,Schroder VS 15,19
2898,Fossey pp,83-94
2899,UET 2,287
2899,ARM XV,27
2899,Clay BE A 14,15
2899,Koenig AfO Bei 16,88
2899,Ranke BE A 61,9
2899,Schroeder VS 12,20
2899,Clay BE A 10,14
2899,Fossey pp,83-94
2900,UET 2,205
2900,ARM XV,27
2900,Clay BE A 14,15
2900,Koenig AfO Bei 16,88
2900,Ranke BE A 61,9
2900,Schroeder VS 12,20
2900,Clay BE A 10,14
2900,Schroder VS 15,19
2900,Fossey pp,83-94
2901,UET 2,287
2901,ARM XV,27
2901,Clay BE A 14,15
2901,Koenig AfO Bei 16,88
2901,Ranke BE A 61,9
2901,Schroeder VS 12,20
2901,Clay BE A 10,14
2901,Fossey pp,83-94
2902,UET 2,205
2902,ARM XV,27
2902,Clay BE A 14,15
2902,Koenig AfO Bei 16,88
2902,Ranke BE A 61,9
2902,Schroeder VS 12,20
2902,Clay BE A 10,14
2902,Schroder VS 15,19
2902,Fossey pp,83-94
2903,UET 2,287
2903,ARM XV,27
2903,Clay BE A 14,15
2903,Koenig AfO Bei 16,88
2903,Ranke BE A 61,9
2903,Schroeder VS 12,20
2903,Clay BE A 10,14
2903,Fossey pp,83-94
2904,UET 2,205
2904,ARM XV,27
2904,Clay BE A 14,15
2904,Koenig AfO Bei 16,88
2904,Ranke BE A 61,9
2904,Schroeder VS 12,20
2904,Clay BE A 10,14
2904,Fossey pp,83-94
2905,UET 2,287
2905,ARM XV,27
2905,Clay BE A 14,15
2905,Koenig AfO Bei 16,88
2905,Ranke BE A 61,9
2905,Schroeder VS 12,20
2905,Clay BE A 10,14
2905,Fossey pp,83-94
2906,UET 2,205
2906,ARM XV,27
2906,Clay BE A 14,15
2906,Koenig AfO Bei 16,88
2906,Ranke BE A 61,9
2906,Schroeder VS 12,20
2906,Clay BE A 10,14
2906,Fossey pp,83-94
2907,UET 2,287
2907,ARM XV,27
2907,Clay BE A 14,15
2907,Koenig AfO Bei 16,88
2907,Ranke BE A 61,9
2907,Schroeder VS 12,20
2907,Clay BE A 10,14
2907,Fossey pp,83-94
2908,UET 2,205
2908,ARM XV,27
2908,Clay BE A 14,15
2908,Koenig AfO Bei 16,88
2908,Ranke BE A 61,9
2908,Schroeder VS 12,20
2908,Clay BE A 10,14
2908,Fossey pp,83-94
2909,UET 2,287
2909,ARM XV,27
2909,Clay BE A 14,15
2909,Koenig AfO Bei 16,88
2909,Ranke BE A 61,9
2909,Schroeder VS 12,20
2909,Clay BE A 10,14
2909,Fossey pp,83-94
2910,UET 2,205
2910,ARM XV,27
2910,Clay BE A 14,15
2910,Koenig AfO Bei 16,88
2910,Ranke BE A 61,9
2910,Schroeder VS 12,20
2910,Clay BE A 10,14
2910,Fossey pp,83-94
2911,UET 2,286
2911,ARM XV,27
2911,Clay BE A 14,15
2911,Koenig AfO Bei 16,88
2911,Ranke BE A 61,9
2911,Schroeder VS 12,20
2911,Clay BE A 10,14
2911,Fossey pp,83-94
2912,UET 2,287
2912,ARM XV,27
2912,Clay BE A 14,15
2912,Koenig AfO Bei 16,88
2912,Ranke BE A 61,9
2912,Schroeder VS 12,20
2912,Clay BE A 10,14
2912,Fossey pp,83-94
2913,UET 2,286?
2913,ARM XV,27
2913,Clay BE A 14,15
2913,Koenig AfO Bei 16,88
2913,Ranke BE A 61,9
2913,Schroeder VS 12,20
2913,Clay BE A 10,14
2913,Fossey pp,83-94
2914,UET 2,292
2914,ARM XV,277
2914,Clay BE A 14,238
2914,Ranke BE A 61,220
2914,Schroeder VS 12,192
2914,Schroder VS 15,179
2914,Fossey pp,931ff
2915,UET 2,261
2915,ARM XV,280
2915,Clay BE A 14,242
2915,Fossey pp,934ff
2916,UET 2,261
2916,ARM XV,280
2916,Clay BE A 14,242
2916,Fossey pp,934ff
2917,UET 2,261
2917,ARM XV,280
2917,Clay BE A 14,242
2917,Fossey pp,934ff
2918,UET 2,261
2918,ARM XV,280
2918,Clay BE A 14,242
2918,Fossey pp,934ff
2922,Fossey pp,896
2923,Fossey pp,896
2924,Fossey pp,896
2925,Fossey pp,896
2927,ARM XV,298'
2928,Fossey pp,150-152
2929,ARM XV,136
2929,Clay BE A 10,149
2931,Fossey pp,1027
2933,Fossey pp,780
2934,Fossey pp,529
2935,Fossey pp,779ff
2944,Clay BE A 14,239
2944,Ranke BE A 61,221
2944,Fossey pp,933
2945,Clay BE A 14,239
2945,Ranke BE A 61,221
2945,Fossey pp,933
2946,Clay BE A 14,239
2946,Ranke BE A 61,221
2946,Fossey pp,933
2947,Clay BE A 14,239
2947,Ranke BE A 61,221
2947,Fossey pp,933
2948,Clay BE A 14,239
2948,Ranke BE A 61,221
2948,Fossey pp,933
2949,Clay BE A 14,239
2949,Ranke BE A 61,221
2949,Fossey pp,933
2950,Fossey pp,1036
2951,Clay BE A 14,98
2951,Ranke BE A 61,71
2951,Fossey pp,266
2952,Clay BE A 14,98
2952,Ranke BE A 61,71
2952,Fossey pp,266
2953,Clay BE A 14,98
2953,Ranke BE A 61,71
2953,Fossey pp,266
2954,ARM XV,82
2954,Ranke BE A 61,71
2954,Fossey pp,266
2955,Ranke BE A 61,71
2955,Fossey pp,266
2956,Ranke BE A 61,71
2956,Fossey pp,266
2957,Ranke BE A 61,71
2957,Fossey pp,266
2958,Ranke BE A 61,71
2958,Fossey pp,266
2959,Ranke BE A 61,71
2959,Fossey pp,266
2960,Ranke BE A 61,71
2960,Fossey pp,266
2961,Ranke BE A 61,71
2961,Fossey pp,266
2962,Ranke BE A 61,71
2962,Fossey pp,266
2965,UET 2,120
2965,Clay BE A 14,202
2965,Koenig AfO Bei 16,91
2965,Ranke BE A 61,186
2965,Schroeder VS 12,172
2965,Schroder VS 15,159
2965,Fossey pp,845-849
2966,UET 2,120
2966,Clay BE A 14,202
2966,Koenig AfO Bei 16,91
2966,Ranke BE A 61,186
2966,Schroeder VS 12,172
2966,Schroder VS 15,159
2966,Fossey pp,845-849
2967,UET 2,120
2967,ARM XV,254
2967,Clay BE A 14,202
2967,Koenig AfO Bei 16,91
2967,Schroeder VS 12,172
2967,Schroder VS 15,159
2967,Fossey pp,845-849
2968,UET 2,120
2968,ARM XV,254
2968,Clay BE A 14,202
2968,Koenig AfO Bei 16,91
2968,Schroeder VS 12,172
2968,Schroder VS 15,159
2968,Fossey pp,845-849
2969,UET 2,120
2969,ARM XV,254
2969,Clay BE A 14,202
2969,Koenig AfO Bei 16,91
2969,Schroeder VS 12,172
2969,Schroder VS 15,159
2969,Fossey pp,845-849
2970,UET 2,120
2970,Clay BE A 14,202
2970,Koenig AfO Bei 16,91
2970,Schroeder VS 12,172
2970,Schroder VS 15,159
2970,Fossey pp,845-849
2975,UET 2,201
2976,UET 2,201
2983,UET 2,131
2983,ARM XV,31
2983,Clay BE A 14,211
2983,Koenig AfO Bei 16,92
2983,Ranke BE A 61,170
2983,Schroeder VS 12,23
2983,Schroder VS 15,23
2983,Fossey pp,112-120
2985,Fossey pp,385
2986,Fossey pp,888-890
2987,UET 2,677
2987,Fossey pp,832
2989,Fossey pp,547
2994,Schroeder VS 12,134
2994,Schroder VS 15,111
2994,Fossey pp,673-675
2995,Schroeder VS 12,134
2995,Schroder VS 15,111
2995,Fossey pp,673-675
3000,Fossey pp,832
3011,Ranke BE A 61,176
3011,Schroeder VS 12,153
3011,Fossey pp,762
3014,UET 2,264
3014,ARM XV,292
3014,Clay BE A 14,246
3014,Koenig AfO Bei 16,97
3014,Ranke BE A 61,219
3014,Schroeder VS 12,203
3014,Schroder VS 15,185
3014,Fossey pp,967-970
3015,UET 2,264
3015,ARM XV,292
3015,Clay BE A 14,246
3015,Koenig AfO Bei 16,197
3015,Ranke BE A 61,219
3015,Schroeder VS 12,203
3015,Schroder VS 15,185
3015,Fossey pp,967-970
3016,UET 2,272
3016,ARM XV,292
3016,Clay BE A 14,246
3016,Koenig AfO Bei 16,97
3016,Ranke BE A 61,219
3016,Schroeder VS 12,203
3016,Schroder VS 15,185
3016,Fossey pp,967-970
3017,UET 2,272
3017,ARM XV,292
3017,Clay BE A 14,246
3017,Koenig AfO Bei 16,197
3017,Ranke BE A 61,219
3017,Schroeder VS 12,203
3017,Schroder VS 15,185
3017,Fossey pp,967-970
3018,UET 2,264
3018,ARM XV,292
3018,Clay BE A 14,246
3018,Koenig AfO Bei 16,97
3018,Ranke BE A 61,219
3018,Schroeder VS 12,203
3018,Schroder VS 15,185
3018,Fossey pp,967-970
3019,UET 2,264
3019,ARM XV,292
3019,Clay BE A 14,246
3019,Koenig AfO Bei 16,197
3019,Ranke BE A 61,219
3019,Schroeder VS 12,203
3019,Schroder VS 15,185
3019,Fossey pp,967-970
3020,UET 2,272
3020,ARM XV,292
3020,Clay BE A 14,246
3020,Koenig AfO Bei 16,97
3020,Ranke BE A 61,219
3020,Schroeder VS 12,203
3020,Schroder VS 15,185
3020,Fossey pp,967-970
3021,UET 2,272
3021,ARM XV,292
3021,Clay BE A 14,246
3021,Koenig AfO Bei 16,197
3021,Ranke BE A 61,219
3021,Schroeder VS 12,203
3021,Schroder VS 15,185
3021,Fossey pp,967-970
3022,UET 2,264
3022,ARM XV,292
3022,Clay BE A 14,246
3022,Koenig AfO Bei 16,97
3022,Ranke BE A 61,219
3022,Schroeder VS 12,203
3022,Schroder VS 15,185
3022,Fossey pp,967-970
3023,UET 2,264
3023,ARM XV,292
3023,Clay BE A 14,246
3023,Koenig AfO Bei 16,197
3023,Ranke BE A 61,219
3023,Schroeder VS 12,203
3023,Schroder VS 15,185
3023,Fossey pp,967-970
3024,UET 2,272
3024,ARM XV,292
3024,Clay BE A 14,246
3024,Koenig AfO Bei 16,97
3024,Ranke BE A 61,219
3024,Schroeder VS 12,203
3024,Schroder VS 15,185
3024,Fossey pp,967-970
3025,UET 2,272
3025,ARM XV,292
3025,Clay BE A 14,246
3025,Koenig AfO Bei 16,197
3025,Ranke BE A 61,219
3025,Schroeder VS 12,203
3025,Schroder VS 15,185
3025,Fossey pp,967-970
3026,UET 2,236
3026,ARM XV,180
3026,Clay BE A 14,16
3026,Ranke BE A 61,44
3026,Schroeder VS 12,130
3026,Clay BE A 10,50
3026,Schroder VS 15,121
3026,Fossey pp,631-637
3035,Fossey pp,638
3038,UET 2,288
3038,Fossey pp,"690ff, 1076"
3039,UET 2,288
3039,Fossey pp,"690ff, 1076"
3043,Fossey pp,391
3045,ARM XV,112
3045,Clay BE A 14,89
3045,Ranke BE A 61,74
3045,Schroeder VS 12,81
3045,Clay BE A 10,78
3045,Schroder VS 15,72
3045,Fossey pp,"361-375, 1075"
3050,UET 2,92
3050,ARM XV,172
3050,Clay BE A 14,141
3050,Koenig AfO Bei 16,89
3050,Ranke BE A 61,115
3050,Schroeder VS 12,126
3050,Schroder VS 15,109
3050,Fossey pp,598-601
3051,UET 2,92
3051,ARM XV,172
3051,Clay BE A 14,141
3051,Koenig AfO Bei 16,89
3051,Ranke BE A 61,115
3051,Schroeder VS 12,126
3051,Schroder VS 15,115
3051,Fossey pp,598-601
3052,UET 2,92
3052,ARM XV,172
3052,Clay BE A 14,141
3052,Koenig AfO Bei 16,112
3052,Ranke BE A 61,115
3052,Schroeder VS 12,126
3052,Clay BE A 10,119
3052,Schroder VS 15,115
3052,Fossey pp,598-601
3053,UET 2,92
3053,ARM XV,172
3053,Clay BE A 14,141
3053,Koenig AfO Bei 16,112
3053,Ranke BE A 61,115
3053,Schroeder VS 12,126
3053,Schroder VS 15,109
3053,Fossey pp,598-601
3055,Koenig AfO Bei 16,148
3055,Ranke BE A 61,213
3055,Fossey pp,994-997
3056,UET 2,160
3056,ARM XV,207
3056,Clay BE A 14,234
3056,Ranke BE A 61,195
3056,Fossey pp,"718-723, 1076, 1085"
3057,UET 2,160
3057,ARM XV,207
3057,Clay BE A 14,234
3057,Ranke BE A 61,195
3057,Schroder VS 15,138
3057,Fossey pp,"718-723, 1076, 1085"
3058,UET 2,160
3058,ARM XV,207
3058,Clay BE A 14,234
3058,Ranke BE A 61,195
3058,Fossey pp,"718-723, 1076, 1085"
3060,Fossey pp,831ff
3061,Fossey pp,831ff
3062,UET 2,123
3062,ARM XV,307
3062,Clay BE A 14,200
3062,Ranke BE A 61,183
3062,Schroeder VS 12,214
3062,Schroder VS 15,197
3062,Fossey pp,1019-1023
3066,ARM XV,193
3066,Clay BE A 14,152
3066,Koenig AfO Bei 16,98
3066,Ranke BE A 61,125
3066,Schroeder VS 12,138
3066,Clay BE A 10,130
3066,Schroder VS 15,128
3066,Fossey pp,680-683
3067,UET 2,28
3067,ARM XV,193
3067,Clay BE A 14,152
3067,Koenig AfO Bei 16,98
3067,Ranke BE A 61,125
3067,Schroeder VS 12,138
3067,Clay BE A 10,130
3067,Schroder VS 15,128
3067,Fossey pp,680-683
3068,ARM XV,88
3068,Clay BE A 14,48
3068,Ranke BE A 61,31
3068,Schroeder VS 12,61
3068,Fossey pp,282-284
3071,Fossey pp,51
3072,Fossey pp,46
3075,ARM XV,29
3075,Clay BE A 14,14
3075,Koenig AfO Bei 16,99
3075,Ranke BE A 61,8
3075,Schroeder VS 12,21
3075,Clay BE A 10,13
3075,Schroder VS 15,21
3075,Fossey pp,97-104
3076,ARM XV,29
3076,Clay BE A 14,14
3076,Koenig AfO Bei 16,99
3076,Ranke BE A 61,8
3076,Schroeder VS 12,21
3076,Clay BE A 10,13
3076,Schroder VS 15,21
3076,Fossey pp,97-104
3078,ARM XV,274
3078,Clay BE A 14,194
3078,Koenig AfO Bei 16,101
3078,Schroeder VS 12,187
3078,Schroder VS 15,174
3078,Fossey pp,"929, 1062, 1072"
3079,UET 2,78
3079,ARM XV,162
3079,Clay BE A 14,138
3079,Koenig AfO Bei 16,102
3079,Ranke BE A 61,107
3079,Schroeder VS 12,119
3079,Clay BE A 10,93
3079,Schroder VS 15,107
3079,Fossey pp,550ff
3080,UET 2,78
3080,ARM XV,162
3080,Clay BE A 14,138
3080,Koenig AfO Bei 16,102
3080,Ranke BE A 61,107
3080,Schroeder VS 12,119
3080,Clay BE A 10,93
3080,Schroder VS 15,107
3080,Fossey pp,550ff
3084,UET 2,45
3084,ARM XV,47a
3084,Clay BE A 14,35
3084,Ranke BE A 61,22
3084,Clay BE A 10,30
3084,Fossey pp,"157, 1058"
3085,UET 2,45
3085,ARM XV,47a
3085,Clay BE A 14,35
3085,Ranke BE A 61,22
3085,Clay BE A 10,30
3085,Fossey pp,"157, 1058"
3086,UET 2,45
3086,ARM XV,47a
3086,Clay BE A 14,35
3086,Ranke BE A 61,22
3086,Clay BE A 10,30
3086,Fossey pp,"157, 1058"
3089,UET 2,46
3089,ARM XV,50
3089,Clay BE A 14,37
3089,Koenig AfO Bei 16,104
3089,Ranke BE A 61,24
3089,Clay BE A 10,35
3089,Fossey pp,163ff
3097,Schroeder VS 12,112
3103,UET 2,289
3103,ARM XV,287
3103,Clay BE A 14,236
3103,Koenig AfO Bei 16,105
3103,Ranke BE A 61,206
3103,Schroeder VS 12,199
3103,Schroder VS 15,181
3103,Fossey pp,954
3104,UET 2,289
3104,ARM XV,287
3104,Clay BE A 14,236
3104,Koenig AfO Bei 16,105
3104,Ranke BE A 61,206
3104,Schroeder VS 12,199
3104,Schroder VS 15,181
3104,Fossey pp,954
3105,Fossey pp,232
3109,Fossey pp,231
3115,Fossey pp,945
3119,Fossey pp,288
3121,Fossey pp,288
3122,Fossey pp,46
3124,UET 2,325
3124,Fossey pp,525
3125,UET 2,325
3125,Fossey pp,525
3126,Fossey pp,520ff
3129,Ranke BE A 61,106
3130,ARM XV,288
3130,Clay BE A 14,237
3130,Koenig AfO Bei 16,106
3130,Ranke BE A 61,207
3130,Schroeder VS 12,200
3130,Schroder VS 15,182
3130,Fossey pp,954-957
3133,Fossey pp,835
3134,UET 2,173
3134,ARM XV,248
3134,Clay BE A 14,174
3134,Koenig AfO Bei 16,107
3134,Ranke BE A 61,148
3134,Schroeder VS 12,168
3134,Clay BE A 10,152
3134,Schroder VS 15,158
3134,Fossey pp,835-837
3137,Koenig AfO Bei 16,26
3137,Schroeder VS 12,217
3137,Schroder VS 15,199
3141,ARM XV,198
3141,Clay BE A 10,145
3141,Fossey pp,"695-698, 1050"
3142,UET 2,109
3142,ARM XV,198
3142,Clay BE A 10,145
3142,Fossey pp,"695-698, 1050"
3143,ARM XV,198
3143,Ranke BE A 61,122
3143,Clay BE A 10,145
3143,Fossey pp,"695-698, 1050"
3144,UET 2,109
3144,ARM XV,198
3144,Ranke BE A 61,122
3144,Clay BE A 10,145
3144,Fossey pp,"695-698, 1050"
3148,UET 2,26
3148,ARM XV,35
3148,Clay BE A 14,26
3148,Koenig AfO Bei 16,108
3148,Ranke BE A 61,16
3148,Schroeder VS 12,25
3148,Clay BE A 10,28
3148,Schroder VS 15,25
3148,Fossey pp,123-127
3149,UET 2,37
3149,Clay BE A 14,40
3149,Koenig AfO Bei 16,110
3149,Schroeder VS 12,39
3149,Clay BE A 10,37
3149,Schroder VS 15,38
3149,Fossey pp,189ff
3151,Fossey pp,780
3152,Fossey pp,780
3153,Fossey pp,780
3154,Fossey pp,780
3161,Clay BE A 14,9
3161,Clay BE A 10,7
3161,Fossey pp,2ff
3162,Fossey pp,281
3165,UET 2,8
3165,Clay BE A 14,62
3165,Clay BE A 10,55
3165,Fossey pp,298ff
3166,UET 2,8
3166,Clay BE A 14,62
3166,Clay BE A 10,55
3166,Fossey pp,298ff
3168,UET 2,410
3168,Clay BE A 14,25
3168,Schroeder VS 12,48
3168,Clay BE A 10,25
3168,Fossey pp,221-223
3169,UET 2,410
3169,Clay BE A 14,25
3169,Schroeder VS 12,48
3169,Clay BE A 10,25
3169,Fossey pp,221-223
3170,UET 2,410
3170,Clay BE A 14,25
3170,Schroeder VS 12,48
3170,Clay BE A 10,25
3170,Fossey pp,221-223
3171,Clay BE A 14,25
3171,Schroeder VS 12,48
3171,Clay BE A 10,25
3171,Fossey pp,221-223
3172,Clay BE A 14,25
3172,Schroeder VS 12,48
3172,Clay BE A 10,25
3172,Fossey pp,221-223
3173,Clay BE A 14,25
3173,Schroeder VS 12,48
3173,Clay BE A 10,25
3173,Fossey pp,221-223
3174,Clay BE A 14,25
3174,Schroeder VS 12,48
3174,Clay BE A 10,25
3174,Fossey pp,221-223
3175,Clay BE A 14,25
3175,Schroeder VS 12,48
3175,Clay BE A 10,25
3175,Fossey pp,221-223
3176,Clay BE A 14,25
3176,Schroeder VS 12,48
3176,Clay BE A 10,25
3176,Fossey pp,221-223
3177,Clay BE A 14,25
3177,Schroeder VS 12,48
3177,Clay BE A 10,25
3177,Fossey pp,221-223
3178,Clay BE A 14,25
3178,Schroeder VS 12,48
3178,Clay BE A 10,25
3178,Fossey pp,221-223
3179,Clay BE A 14,25
3179,Schroeder VS 12,48
3179,Clay BE A 10,25
3179,Fossey pp,221-223
3180,Clay BE A 14,25
3180,Schroeder VS 12,48
3180,Clay BE A 10,25
3180,Fossey pp,221-223
3181,Clay BE A 14,25
3181,Schroeder VS 12,48
3181,Clay BE A 10,25
3181,Fossey pp,221-223
3182,Clay BE A 14,25
3182,Schroeder VS 12,48
3182,Clay BE A 10,25
3182,Fossey pp,221-223
3186,Fossey pp,"987, 823"
3187,Fossey pp,"987, 823"
3191,Fossey pp,987
3199,Fossey pp,766
3201,Clay BE A 14,148
3201,Schroeder VS 12,135
3203,Fossey pp,46
3211,UET 2,152
3211,Clay BE A 14,207
3211,Ranke BE A 61,167
3211,Schroeder VS 12,150
3211,Fossey pp,"746-749, 1077"
3212,UET 2,152
3212,Clay BE A 14,207
3212,Ranke BE A 61,167
3212,Schroeder VS 12,150
3212,Fossey pp,"746-749, 1077"
3215,ARM XV,74
3215,Clay BE A 14,45a
3215,Ranke BE A 61,30
3215,Fossey pp,243ff
3216,UET 2,249
3216,Clay BE A 14,45
3216,Koenig AfO Bei 16,117
3216,Ranke BE A 61,32
3216,Schroeder VS 12,52
3216,Schroder VS 15,49
3216,Fossey pp,244-247
3217,UET 2,249
3217,Clay BE A 14,45
3217,Koenig AfO Bei 16,117
3217,Ranke BE A 61,32
3217,Schroeder VS 12,52
3217,Schroder VS 15,49
3217,Fossey pp,244-247
3220,Fossey pp,947
3224,UET 2,22
3224,ARM XV,43
3224,Clay BE A 14,34
3224,Koenig AfO Bei 16,111
3224,Ranke BE A 61,19
3224,Schroeder VS 12,30
3224,Clay BE A 10,27
3224,Schroder VS 15,30
3224,Fossey pp,142-149
3225,UET 2,22
3225,ARM XV,43
3225,Clay BE A 14,34
3225,Koenig AfO Bei 16,111
3225,Ranke BE A 61,19
3225,Schroeder VS 12,30
3225,Clay BE A 10,27
3225,Schroder VS 15,30
3225,Fossey pp,142-149
3226,UET 2,22
3226,ARM XV,43
3226,Clay BE A 14,34
3226,Koenig AfO Bei 16,111
3226,Ranke BE A 61,19
3226,Schroeder VS 12,30
3226,Clay BE A 10,27
3226,Schroder VS 15,30
3226,Fossey pp,142-149
3227,UET 2,22
3227,ARM XV,43
3227,Clay BE A 14,34
3227,Koenig AfO Bei 16,111
3227,Ranke BE A 61,19
3227,Schroeder VS 12,30
3227,Clay BE A 10,27
3227,Schroder VS 15,30
3227,Fossey pp,142-149
3229,UET 2,155
3229,Clay BE A 14,197
3229,Ranke BE A 61,163
3229,Schroeder VS 12,170
3229,Fossey pp,840-842
3230,UET 2,155
3230,Clay BE A 14,197
3230,Ranke BE A 61,163
3230,Schroeder VS 12,170
3230,Fossey pp,840-842
3231,UET 2,155
3231,Clay BE A 14,197
3231,Ranke BE A 61,163
3231,Schroeder VS 12,170
3231,Fossey pp,840-842
3232,ARM XV,143
3232,Clay BE A 14,18
3232,Ranke BE A 61,42
3232,Schroeder VS 12,104
3232,Clay BE A 10,19
3232,Schroder VS 15,92
3233,UET 2,7
3233,Clay BE A 14,61
3233,Schroeder VS 12,66
3233,Clay BE A 10,54
3233,Schroder VS 15,59
3233,Fossey pp,298
3234,Clay BE A 10,74
3234,Schroder VS 15,12
3234,Fossey pp,52ff
3235,UET 2,132
3235,Fossey pp,"398, 749-751"
3236,UET 2,132
3236,Fossey pp,"398, 749-751"
3237,UET 2,408
3237,ARM XV,303'
3237,Clay BE A 14,268
3237,Schroder VS 15,194
3237,Fossey pp,1010-1012
3238,UET 2,408
3238,ARM XV,303'
3238,Clay BE A 14,268
3238,Schroder VS 15,194
3238,Fossey pp,1010-1012
3240,UET 2,38
3240,ARM XV,54
3240,Clay BE A 14,39
3240,Ranke BE A 61,25
3240,Schroeder VS 12,37
3240,Clay BE A 10,36
3240,Schroder VS 15,36
3240,Fossey pp,169-179
3241,UET 2,38
3241,ARM XV,54
3241,Clay BE A 14,39
3241,Ranke BE A 61,25
3241,Schroeder VS 12,37
3241,Clay BE A 10,36
3241,Schroder VS 15,36
3241,Fossey pp,169-179
3242,UET 2,38
3242,ARM XV,54
3242,Clay BE A 14,39
3242,Ranke BE A 61,25
3242,Schroeder VS 12,37
3242,Clay BE A 10,36
3242,Schroder VS 15,36
3242,Fossey pp,169-179
3243,UET 2,38
3243,ARM XV,54
3243,Clay BE A 14,39
3243,Ranke BE A 61,25
3243,Schroeder VS 12,37
3243,Clay BE A 10,36
3243,Schroder VS 15,36
3243,Fossey pp,169-179
3245,UET 2,385a
3248,UET 2,391
3250,Fossey pp,774
3254,UET 2,12
3255,UET 2,12
3257,UET 2,103a
3257,ARM XV,122
3257,Clay BE A 14,95
3257,Koenig AfO Bei 16,22
3257,Ranke BE A 61,69
3257,Schroeder VS 12,87
3257,Clay BE A 10,88
3257,Schroder VS 15,79
3257,Fossey pp,415-421
3258,UET 2,103a
3258,ARM XV,122
3258,Clay BE A 14,95
3258,Koenig AfO Bei 16,130
3258,Ranke BE A 61,69
3258,Schroeder VS 12,87
3258,Clay BE A 10,88
3258,Schroder VS 15,79
3258,Fossey pp,415-421
3259,UET 2,103a
3259,ARM XV,122
3259,Clay BE A 14,95
3259,Koenig AfO Bei 16,22
3259,Ranke BE A 61,69
3259,Schroeder VS 12,87
3259,Clay BE A 10,88
3259,Schroder VS 15,79
3259,Fossey pp,415-421
3260,UET 2,103a
3260,ARM XV,122
3260,Clay BE A 14,95
3260,Koenig AfO Bei 16,130
3260,Ranke BE A 61,69
3260,Schroeder VS 12,87
3260,Clay BE A 10,88
3260,Schroder VS 15,79
3260,Fossey pp,415-421
3261,UET 2,103a
3261,ARM XV,122
3261,Clay BE A 14,95
3261,Koenig AfO Bei 16,22
3261,Ranke BE A 61,69
3261,Schroeder VS 12,87
3261,Clay BE A 10,88
3261,Schroder VS 15,79
3261,Fossey pp,415-421
3262,UET 2,103a
3262,ARM XV,122
3262,Clay BE A 14,95
3262,Koenig AfO Bei 16,130
3262,Ranke BE A 61,69
3262,Schroeder VS 12,87
3262,Clay BE A 10,88
3262,Schroder VS 15,79
3262,Fossey pp,415-421
3263,UET 2,103a
3263,ARM XV,122
3263,Clay BE A 14,95
3263,Koenig AfO Bei 16,22
3263,Ranke BE A 61,69
3263,Schroeder VS 12,87
3263,Clay BE A 10,88
3263,Schroder VS 15,79
3263,Fossey pp,415-421
3264,UET 2,103a
3264,ARM XV,122
3264,Clay BE A 14,95
3264,Koenig AfO Bei 16,130
3264,Ranke BE A 61,69
3264,Schroeder VS 12,87
3264,Clay BE A 10,88
3264,Schroder VS 15,79
3264,Fossey pp,415-421
3265,Fossey pp,869ff
3266,UET 2,162
3267,UET 2,162
3268,UET 2,162
3269,UET 2,162
3270,UET 2,162
3271,Fossey pp,989
3277,UET 2,106
3277,Clay BE A 14,148
3277,Schroeder VS 12,135
3277,Fossey pp,"675ff, 766"
3279,UET 2,406
3279,ARM XV,146
3279,Clay BE A 14,52
3279,Koenig AfO Bei 16,62
3279,Ranke BE A 61,41
3279,Schroeder VS 12,106
3279,Clay BE A 10,48
3279,Schroder VS 15,94
3279,Fossey pp,511-514
3280,UET 2,406
3280,ARM XV,146
3280,Clay BE A 14,52
3280,Koenig AfO Bei 16,114
3280,Ranke BE A 61,41
3280,Schroeder VS 12,106
3280,Clay BE A 10,48
3280,Schroder VS 15,94
3280,Fossey pp,511-514
3281,UET 2,406
3281,ARM XV,146
3281,Clay BE A 14,52
3281,Koenig AfO Bei 16,215
3281,Ranke BE A 61,41
3281,Schroeder VS 12,106
3281,Clay BE A 10,48
3281,Schroder VS 15,94
3281,Fossey pp,511-514
3282,UET 2,406
3282,ARM XV,146
3282,Clay BE A 14,52
3282,Koenig AfO Bei 16,62
3282,Ranke BE A 61,41
3282,Schroeder VS 12,106
3282,Clay BE A 10,48
3282,Schroder VS 15,94
3282,Fossey pp,511-514
3283,UET 2,406
3283,ARM XV,146
3283,Clay BE A 14,52
3283,Koenig AfO Bei 16,114
3283,Ranke BE A 61,41
3283,Schroeder VS 12,106
3283,Clay BE A 10,48
3283,Schroder VS 15,94
3283,Fossey pp,511-514
3284,UET 2,406
3284,ARM XV,146
3284,Clay BE A 14,52
3284,Koenig AfO Bei 16,215
3284,Ranke BE A 61,41
3284,Schroeder VS 12,106
3284,Clay BE A 10,48
3284,Schroder VS 15,94
3284,Fossey pp,511-514
3293,Clay BE A 14,269
3293,Fossey pp,1015
3295,Fossey pp,1069ff
3296,Fossey pp,1070
3297,Fossey pp,1070
3298,Fossey pp,1070
3299,Fossey pp,1070
3301,Clay BE A 14,243
3301,Ranke BE A 61,223
3301,Fossey pp,953
3302,Clay BE A 14,243
3302,Ranke BE A 61,223
3302,Fossey pp,953
3303,Clay BE A 14,243
3303,Ranke BE A 61,223
3303,Fossey pp,953
3309,UET 2,168
3309,Fossey pp,873ff
3310,Fossey pp,873
3312,UET 2,141?
3312,ARM XV,251
3312,Clay BE A 14,182
3312,Koenig AfO Bei 16,115
3312,Ranke BE A 61,156
3312,Schroeder VS 12,171
3312,Clay BE A 10,156
3312,Fossey pp,"843-845, 1087"
3313,UET 2,141?
3313,ARM XV,251
3313,Clay BE A 14,182
3313,Koenig AfO Bei 16,115
3313,Ranke BE A 61,156
3313,Schroeder VS 12,171
3313,Clay BE A 10,156
3313,Fossey pp,"843-845, 1087"
3314,UET 2,141?
3314,ARM XV,251
3314,Clay BE A 14,182
3314,Koenig AfO Bei 16,115
3314,Ranke BE A 61,156
3314,Schroeder VS 12,171
3314,Clay BE A 10,156
3314,Fossey pp,"843-845, 1087"
3315,UET 2,141?
3315,ARM XV,251
3315,Clay BE A 14,182
3315,Koenig AfO Bei 16,115
3315,Ranke BE A 61,156
3315,Schroeder VS 12,171
3315,Clay BE A 10,156
3315,Fossey pp,"843-845, 1087"
3318,Schroeder VS 12,189
3318,Schroder VS 15,176
3318,Fossey pp,"1063, 1072"
3319,UET 2,401
3319,ARM XV,300
3319,Clay BE A 14,265
3319,Koenig AfO Bei 16,116
3319,Ranke BE A 61,215
3319,Schroeder VS 12,209
3319,Schroder VS 15,192
3319,Fossey pp,999-1002
3321,Ranke BE A 61,215
3321,Fossey pp,997-999
3322,UET 2,334_2
3322,Fossey pp,447
3323,UET 2,334_2
3323,Fossey pp,447
3324,UET 2,334_2
3324,Fossey pp,447
3325,UET 2,334_2
3325,Fossey pp,447
3326,Clay BE A 14,74
3326,Fossey pp,424ff
3327,Fossey pp,425
3328,Fossey pp,425
3331,Fossey pp,425
3332,Fossey pp,434
3333,Fossey pp,447
3334,Fossey pp,426
3335,Fossey pp,434
3337,Fossey pp,426
3339,Fossey pp,447
3345,UET 2,59
3345,Ranke BE A 61,109
3345,Clay BE A 10,123
3345,Fossey pp,614ff
3346,UET 2,59
3346,Ranke BE A 61,109
3346,Clay BE A 10,123
3346,Fossey pp,614ff
3354,Clay BE A 14,214a
3356,Fossey pp,779
3361,UET 2,20
3361,ARM XV,49
3361,Clay BE A 14,21
3361,Koenig AfO Bei 16,119
3361,Ranke BE A 61,21
3361,Schroeder VS 12,35
3361,Clay BE A 10,15
3361,Schroder VS 15,34
3361,Fossey pp,160-163
3362,UET 2,44
3362,ARM XV,49
3362,Clay BE A 14,21
3362,Koenig AfO Bei 16,119
3362,Ranke BE A 61,21
3362,Schroeder VS 12,35
3362,Clay BE A 10,15
3362,Schroder VS 15,34
3362,Fossey pp,160-163
3363,UET 2,79
3364,UET 2,17
3364,Schroeder VS 12,31
3369,UET 2,41
3369,ARM XV,45
3369,Clay BE A 14,22
3369,Koenig AfO Bei 16,120
3369,Ranke BE A 61,12
3369,Schroeder VS 12,32
3369,Clay BE A 10,16
3369,Schroder VS 15,31
3369,Fossey pp,152ff
3370,UET 2,41
3370,Clay BE A 14,22
3370,Koenig AfO Bei 16,120
3370,Ranke BE A 61,12
3370,Schroeder VS 12,32
3370,Clay BE A 10,16
3370,Schroder VS 15,31
3370,Fossey pp,152ff
3371,UET 2,259
3371,Fossey pp,130
3372,UET 2,58
3372,ARM XV,63
3372,Clay BE A 14,46
3372,Koenig AfO Bei 16,121
3372,Ranke BE A 61,33
3372,Schroeder VS 12,44
3372,Clay BE A 10,44
3372,Schroder VS 15,42
3372,Fossey pp,205-208
3373,UET 2,58
3373,ARM XV,63
3373,Clay BE A 14,46
3373,Koenig AfO Bei 16,121
3373,Ranke BE A 61,33
3373,Schroeder VS 12,44
3373,Clay BE A 10,44
3373,Schroder VS 15,42
3373,Fossey pp,205-208
3374,UET 2,58
3374,ARM XV,63
3374,Clay BE A 14,46
3374,Koenig AfO Bei 16,121
3374,Ranke BE A 61,33
3374,Schroeder VS 12,44
3374,Clay BE A 10,44
3374,Schroder VS 15,42
3374,Fossey pp,205-208
3375,UET 2,58
3375,ARM XV,63
3375,Clay BE A 14,46
3375,Koenig AfO Bei 16,121
3375,Ranke BE A 61,33
3375,Schroeder VS 12,44
3375,Clay BE A 10,44
3375,Schroder VS 15,42
3375,Fossey pp,205-208
3376,UET 2,58
3376,ARM XV,63
3376,Clay BE A 14,46
3376,Koenig AfO Bei 16,121
3376,Ranke BE A 61,33
3376,Schroeder VS 12,44
3376,Clay BE A 10,44
3376,Schroder VS 15,42
3376,Fossey pp,205-208
3377,UET 2,58
3377,ARM XV,63
3377,Clay BE A 14,46
3377,Koenig AfO Bei 16,121
3377,Ranke BE A 61,33
3377,Schroeder VS 12,44
3377,Clay BE A 10,44
3377,Schroder VS 15,42
3377,Fossey pp,205-208
3378,UET 2,58
3378,ARM XV,63
3378,Clay BE A 14,46
3378,Koenig AfO Bei 16,121
3378,Ranke BE A 61,33
3378,Schroeder VS 12,44
3378,Clay BE A 10,44
3378,Schroder VS 15,42
3378,Fossey pp,205-208
3379,UET 2,58
3379,ARM XV,63
3379,Clay BE A 14,46
3379,Koenig AfO Bei 16,121
3379,Ranke BE A 61,33
3379,Schroeder VS 12,44
3379,Clay BE A 10,44
3379,Schroder VS 15,42
3379,Fossey pp,205-208
3380,UET 2,58
3380,ARM XV,63
3380,Clay BE A 14,46
3380,Koenig AfO Bei 16,121
3380,Ranke BE A 61,33
3380,Schroeder VS 12,44
3380,Clay BE A 10,44
3380,Schroder VS 15,42
3380,Fossey pp,205-208
3381,UET 2,58
3381,ARM XV,63
3381,Clay BE A 14,46
3381,Koenig AfO Bei 16,121
3381,Ranke BE A 61,33
3381,Schroeder VS 12,44
3381,Clay BE A 10,44
3381,Schroder VS 15,42
3381,Fossey pp,205-208
3382,UET 2,58
3382,ARM XV,63
3382,Clay BE A 14,46
3382,Koenig AfO Bei 16,121
3382,Ranke BE A 61,33
3382,Schroeder VS 12,44
3382,Clay BE A 10,44
3382,Schroder VS 15,42
3382,Fossey pp,205-208
3383,UET 2,58
3383,ARM XV,63
3383,Clay BE A 14,46
3383,Koenig AfO Bei 16,121
3383,Ranke BE A 61,33
3383,Schroeder VS 12,44
3383,Clay BE A 10,44
3383,Schroder VS 15,42
3383,Fossey pp,205-208
3384,UET 2,58
3384,ARM XV,63
3384,Clay BE A 14,46
3384,Koenig AfO Bei 16,121
3384,Ranke BE A 61,33
3384,Schroeder VS 12,44
3384,Clay BE A 10,44
3384,Schroder VS 15,42
3384,Fossey pp,205-208
3385,UET 2,58
3385,ARM XV,63
3385,Clay BE A 14,46
3385,Koenig AfO Bei 16,121
3385,Ranke BE A 61,33
3385,Schroeder VS 12,44
3385,Clay BE A 10,44
3385,Schroder VS 15,42
3385,Fossey pp,205-208
3386,UET 2,58
3386,ARM XV,63
3386,Clay BE A 14,46
3386,Koenig AfO Bei 16,121
3386,Ranke BE A 61,33
3386,Schroeder VS 12,44
3386,Clay BE A 10,44
3386,Schroder VS 15,42
3386,Fossey pp,205-208
3387,UET 2,58
3387,ARM XV,63
3387,Clay BE A 14,46
3387,Koenig AfO Bei 16,121
3387,Ranke BE A 61,33
3387,Schroeder VS 12,44
3387,Clay BE A 10,44
3387,Schroder VS 15,42
3387,Fossey pp,205-208
3389,Fossey pp,44
3391,UET 2,187
3391,Clay BE A 14,224
3391,Fossey pp,"778ff, 265"
3392,UET 2,187
3392,Clay BE A 14,224
3392,Fossey pp,"778ff, 265"
3393,UET 2,187
3393,Clay BE A 14,224
3393,Fossey pp,"778ff, 265"
3394,UET 2,187
3394,Clay BE A 14,224
3394,Fossey pp,"778ff, 265"
3395,UET 2,187
3395,Clay BE A 14,224
3395,Fossey pp,"778ff, 265"
3396,UET 2,187
3396,Clay BE A 14,224
3396,Fossey pp,"778ff, 265"
3397,UET 2,82a
3397,Clay BE A 14,224
3397,Fossey pp,"778ff, 265"
3398,UET 2,187
3398,Clay BE A 14,224
3398,Fossey pp,"778ff, 265"
3399,UET 2,187
3399,Clay BE A 14,224
3399,Fossey pp,"778ff, 265"
3400,UET 2,187
3400,Clay BE A 14,224
3400,Fossey pp,"778ff, 265"
3401,UET 2,187
3401,Clay BE A 14,224
3401,Fossey pp,"778ff, 265"
3402,UET 2,187
3402,Clay BE A 14,224
3402,Fossey pp,"778ff, 265"
3403,UET 2,187
3403,Clay BE A 14,224
3403,Fossey pp,"778ff, 265"
3404,UET 2,82b
3404,Clay BE A 14,224
3404,Fossey pp,"778ff, 265"
3405,Fossey pp,781
3406,Fossey pp,781
3412,Clay BE A 14,126
3412,Schroder VS 15,101
3412,Fossey pp,536ff
3413,UET 2,72
3413,ARM XV,153
3413,Clay BE A 14,124
3413,Koenig AfO Bei 16,122
3413,Ranke BE A 61,97
3413,Schroeder VS 12,111
3413,Clay BE A 10,108
3413,Schroder VS 15,99
3413,Fossey pp,532
3414,UET 2,72
3414,ARM XV,153
3414,Clay BE A 14,124
3414,Koenig AfO Bei 16,122
3414,Ranke BE A 61,97
3414,Schroeder VS 12,111
3414,Clay BE A 10,108
3414,Schroder VS 15,99
3414,Fossey pp,532
3415,UET 2,72
3415,ARM XV,153
3415,Clay BE A 14,124
3415,Koenig AfO Bei 16,122
3415,Ranke BE A 61,97
3415,Schroeder VS 12,111
3415,Clay BE A 10,108
3415,Schroder VS 15,99
3415,Fossey pp,532
3416,UET 2,72
3416,ARM XV,153
3416,Clay BE A 14,124
3416,Koenig AfO Bei 16,122
3416,Ranke BE A 61,97
3416,Schroeder VS 12,111
3416,Clay BE A 10,108
3416,Schroder VS 15,99
3416,Fossey pp,532
3419,Fossey pp,122
3420,UET 2,180
3420,ARM XV,273
3420,Clay BE A 14,193
3420,Koenig AfO Bei 16,123
3420,Schroeder VS 12,186
3420,Fossey pp,928ff
3421,UET 2,218
3421,ARM XV,273
3421,Clay BE A 14,193
3421,Koenig AfO Bei 16,123
3421,Schroeder VS 12,186
3421,Fossey pp,928ff
3422,UET 2,180
3422,ARM XV,273
3422,Clay BE A 14,193
3422,Koenig AfO Bei 16,123
3422,Schroeder VS 12,186
3422,Fossey pp,928ff
3423,UET 2,218
3423,ARM XV,273
3423,Clay BE A 14,193
3423,Koenig AfO Bei 16,123
3423,Schroeder VS 12,186
3423,Fossey pp,928ff
3424,UET 2,180
3424,Clay BE A 14,193
3424,Koenig AfO Bei 16,123
3424,Schroeder VS 12,186
3424,Fossey pp,928ff
3425,UET 2,218
3425,Clay BE A 14,193
3425,Koenig AfO Bei 16,123
3425,Schroeder VS 12,186
3425,Fossey pp,928ff
3426,UET 2,180
3426,Clay BE A 14,193
3426,Koenig AfO Bei 16,123
3426,Schroeder VS 12,186
3426,Fossey pp,928ff
3427,UET 2,218
3427,Clay BE A 14,193
3427,Koenig AfO Bei 16,123
3427,Schroeder VS 12,186
3427,Fossey pp,928ff
3428,UET 2,243
3428,Clay BE A 14,186
3428,Ranke BE A 61,159
3428,Fossey pp,876ff
3435,UET 2,126
3435,ARM XV,32
3435,Clay BE A 14,198
3435,Koenig AfO Bei 16,126
3435,Ranke BE A 61,38
3435,Schroeder VS 12,24
3435,Clay BE A 10,17
3435,Schroder VS 15,24
3435,Fossey pp,120ff
3436,UET 2,126
3436,ARM XV,32
3436,Clay BE A 14,198
3436,Koenig AfO Bei 16,126
3436,Ranke BE A 61,38
3436,Schroeder VS 12,24
3436,Clay BE A 10,17
3436,Schroder VS 15,24
3436,Fossey pp,120ff
3440,Clay BE A 14,108
3440,Ranke BE A 61,34
3448,Fossey pp,"910, 1054, 1084"
3450,UET 2,247
3450,ARM XV,223
3450,Clay BE A 14,218
3450,Koenig AfO Bei 16,129
3450,Ranke BE A 61,188
3450,Schroeder VS 12,155
3450,Schroder VS 15,148
3450,Fossey pp,767-769
3451,UET 2,247
3451,ARM XV,223
3451,Clay BE A 14,218
3451,Koenig AfO Bei 16,213
3451,Ranke BE A 61,188
3451,Schroeder VS 12,155
3451,Schroder VS 15,148
3451,Fossey pp,767-769
3452,UET 2,247
3452,ARM XV,223
3452,Clay BE A 14,218
3452,Koenig AfO Bei 16,129
3452,Ranke BE A 61,188
3452,Schroeder VS 12,155
3452,Schroder VS 15,148
3452,Fossey pp,767-769
3453,UET 2,247
3453,ARM XV,223
3453,Clay BE A 14,218
3453,Koenig AfO Bei 16,213
3453,Ranke BE A 61,188
3453,Schroeder VS 12,155
3453,Schroder VS 15,148
3453,Fossey pp,767-769
3454,UET 2,247
3454,ARM XV,223
3454,Clay BE A 14,218
3454,Koenig AfO Bei 16,129
3454,Ranke BE A 61,188
3454,Schroeder VS 12,155
3454,Schroder VS 15,148
3454,Fossey pp,767-769
3455,UET 2,247
3455,ARM XV,223
3455,Clay BE A 14,218
3455,Koenig AfO Bei 16,213
3455,Ranke BE A 61,188
3455,Schroeder VS 12,155
3455,Schroder VS 15,148
3455,Fossey pp,767-769
3456,UET 2,247
3456,ARM XV,223
3456,Clay BE A 14,218
3456,Koenig AfO Bei 16,129
3456,Ranke BE A 61,188
3456,Schroeder VS 12,155
3456,Schroder VS 15,148
3456,Fossey pp,767-769
3457,UET 2,247
3457,ARM XV,223
3457,Clay BE A 14,218
3457,Koenig AfO Bei 16,213
3457,Ranke BE A 61,188
3457,Schroeder VS 12,155
3457,Schroder VS 15,148
3457,Fossey pp,767-769
3464,UET 2,143
3464,Ranke BE A 61,190
3465,UET 2,143
3465,Ranke BE A 61,190
3466,UET 2,143
3466,Ranke BE A 61,190
3467,UET 2,267
3467,Clay BE A 14,252
3467,Ranke BE A 61,224
3467,Schroeder VS 12,196
3467,Fossey pp,948ff
3470,UET 2,234
3470,Clay BE A 14,85
3470,Ranke BE A 61,99
3470,Fossey pp,"45, 47-49, 1075"
3471,UET 2,234
3471,Clay BE A 14,85
3471,Ranke BE A 61,99
3471,Fossey pp,"45, 47-49, 1075"
3473,UET 2,139
3473,ARM XV,36
3473,Clay BE A 14,17
3473,Koenig AfO Bei 16,77
3473,Ranke BE A 61,13
3473,Schroeder VS 12,26
3473,Clay BE A 10,20
3473,Schroder VS 15,26
3473,Fossey pp,127ff
3474,UET 2,139
3474,ARM XV,36
3474,Clay BE A 14,17
3474,Koenig AfO Bei 16,136
3474,Ranke BE A 61,13
3474,Schroeder VS 12,26
3474,Clay BE A 10,20
3474,Schroder VS 15,26
3474,Fossey pp,127ff
3475,UET 2,139
3475,ARM XV,36
3475,Clay BE A 14,17
3475,Koenig AfO Bei 16,77
3475,Ranke BE A 61,13
3475,Schroeder VS 12,26
3475,Clay BE A 10,20
3475,Schroder VS 15,26
3475,Fossey pp,127ff
3476,UET 2,139
3476,ARM XV,36
3476,Clay BE A 14,17
3476,Koenig AfO Bei 16,136
3476,Ranke BE A 61,13
3476,Schroeder VS 12,26
3476,Clay BE A 10,20
3476,Schroder VS 15,26
3476,Fossey pp,127ff
3477,UET 2,139
3477,ARM XV,36
3477,Clay BE A 14,17
3477,Koenig AfO Bei 16,77
3477,Ranke BE A 61,13
3477,Schroeder VS 12,26
3477,Clay BE A 10,20
3477,Schroder VS 15,26
3477,Fossey pp,127ff
3478,UET 2,139
3478,ARM XV,36
3478,Clay BE A 14,17
3478,Koenig AfO Bei 16,136
3478,Ranke BE A 61,13
3478,Schroeder VS 12,26
3478,Clay BE A 10,20
3478,Schroder VS 15,26
3478,Fossey pp,127ff
3479,Schroder VS 15,136
3483,UET 2,273
3483,ARM XV,178
3483,Clay BE A 14,154a
3483,Koenig AfO Bei 16,138
3483,Ranke BE A 61,120
3483,Schroeder VS 12,129
3483,Clay BE A 10,135
3483,Schroder VS 15,119
3483,Fossey pp,"619-629, 1076"
3484,Clay BE A 14,158
3484,Clay BE A 10,136
3484,Schroder VS 15,71
3484,Fossey pp,360ff
3485,Clay BE A 14,41
3485,Ranke BE A 61,222
3485,Schroeder VS 12,40
3485,Clay BE A 10,38
3485,Schroder VS 15,39
3485,Fossey pp,192
3486,Clay BE A 14,41
3486,Ranke BE A 61,222
3486,Schroeder VS 12,40
3486,Clay BE A 10,38
3486,Schroder VS 15,39
3486,Fossey pp,192
3491,Fossey pp,530
3493,ARM XV,61
3493,Clay BE A 14,42
3493,Koenig AfO Bei 16,142
3493,Ranke BE A 61,27
3493,Schroeder VS 12,43
3493,Clay BE A 10,39
3493,Schroder VS 15,41
3493,Fossey pp,201-205
3502,UET 2,204
3502,ARM XV,41
3502,Clay BE A 14,196
3502,Koenig AfO Bei 16,171
3502,Ranke BE A 61,177
3502,Schroeder VS 12,28
3502,Schroder VS 15,28
3502,Fossey pp,135-141
3503,UET 2,204
3503,ARM XV,41
3503,Clay BE A 14,196
3503,Koenig AfO Bei 16,144
3503,Ranke BE A 61,177
3503,Schroeder VS 12,28
3503,Schroder VS 15,28
3503,Fossey pp,135-141
3505,UET 2,361
3505,ARM XV,76
3505,Clay BE A 14,54
3505,Koenig AfO Bei 16,145
3505,Ranke BE A 61,46
3505,Schroeder VS 12,53
3505,Clay BE A 10,102
3505,Schroder VS 15,50
3505,Fossey pp,247-252
3506,UET 2,361
3506,ARM XV,76
3506,Clay BE A 14,54
3506,Koenig AfO Bei 16,145
3506,Ranke BE A 61,46
3506,Schroeder VS 12,53
3506,Clay BE A 10,102
3506,Schroder VS 15,50
3506,Fossey pp,247-252
3508,Schroeder VS 12,90
3508,Fossey pp,427ff
3509,Fossey pp,434
3510,Fossey pp,434ff
3512,UET 2,108
3512,ARM XV,202
3512,Clay BE A 14,167
3512,Ranke BE A 61,137
3512,Schroeder VS 12,142
3512,Clay BE A 10,144
3512,Fossey pp,706-712
3513,UET 2,108
3513,ARM XV,202
3513,Clay BE A 14,167
3513,Ranke BE A 61,137
3513,Schroeder VS 12,142
3513,Clay BE A 10,144
3513,Fossey pp,706-712
3514,UET 2,108
3514,ARM XV,202
3514,Clay BE A 14,167
3514,Ranke BE A 61,137
3514,Schroeder VS 12,142
3514,Clay BE A 10,144
3514,Fossey pp,706-712
3515,UET 2,108
3515,ARM XV,202
3515,Clay BE A 14,167
3515,Ranke BE A 61,137
3515,Schroeder VS 12,142
3515,Clay BE A 10,144
3515,Fossey pp,706-712
3516,UET 2,108
3516,ARM XV,202
3516,Clay BE A 14,167
3516,Koenig AfO Bei 16,159
3516,Ranke BE A 61,137
3516,Schroeder VS 12,142
3516,Clay BE A 10,144
3516,Fossey pp,706-712
3518,UET 2,193
3518,ARM XV,224
3518,Clay BE A 14,221
3518,Koenig AfO Bei 16,160
3518,Ranke BE A 61,193
3518,Schroeder VS 12,156
3518,Schroder VS 15,149
3518,Fossey pp,769-773
3519,UET 2,193
3519,ARM XV,224
3519,Clay BE A 14,221
3519,Koenig AfO Bei 16,160
3519,Ranke BE A 61,193
3519,Schroeder VS 12,156
3519,Schroder VS 15,149
3519,Fossey pp,769-773
3520,UET 2,193
3520,ARM XV,224
3520,Clay BE A 14,221
3520,Koenig AfO Bei 16,160
3520,Ranke BE A 61,193
3520,Schroeder VS 12,156
3520,Schroder VS 15,149
3520,Fossey pp,769-773
3521,UET 2,193
3521,ARM XV,224
3521,Clay BE A 14,221
3521,Koenig AfO Bei 16,160
3521,Ranke BE A 61,193
3521,Schroeder VS 12,156
3521,Schroder VS 15,149
3521,Fossey pp,769-773
3522,UET 2,193
3522,ARM XV,224
3522,Clay BE A 14,221
3522,Koenig AfO Bei 16,160
3522,Ranke BE A 61,193
3522,Schroeder VS 12,156
3522,Schroder VS 15,149
3522,Fossey pp,769-773
3529,Fossey pp,190ff
3531,UET 2,124
3531,ARM XV,208
3531,Ranke BE A 61,227
3531,Fossey pp,723-727
3532,UET 2,124
3532,ARM XV,208
3532,Ranke BE A 61,227
3532,Fossey pp,723-727
3533,UET 2,124
3533,ARM XV,208
3533,Ranke BE A 61,227
3533,Fossey pp,723-727
3534,UET 2,124
3534,ARM XV,208
3534,Ranke BE A 61,227
3534,Fossey pp,723-727
3535,UET 2,124
3535,ARM XV,208
3535,Ranke BE A 61,227
3535,Fossey pp,723-727
3537,Clay BE A 14,125
3537,Schroeder VS 12,113
3537,Clay BE A 10,109
3537,Schroder VS 15,100
3537,Fossey pp,535ff
3538,Clay BE A 14,125
3538,Schroeder VS 12,113
3538,Clay BE A 10,109
3538,Schroder VS 15,100
3538,Fossey pp,535ff
3545,Fossey pp,519
3547,UET 2,228
3547,ARM XV,87
3547,Clay BE A 14,103
3547,Koenig AfO Bei 16,146
3547,Ranke BE A 61,100
3547,Schroeder VS 12,60
3547,Clay BE A 10,94
3547,Schroder VS 15,54
3547,Fossey pp,"276-281, 1075"
3548,Fossey pp,864
3553,UET 2,279
3553,Ranke BE A 61,150
3553,Fossey pp,840
3554,Fossey pp,281
3555,Fossey pp,281
3565,UET 2,179
3565,Schroeder VS 12,167
3565,Fossey pp,828ff
3568,UET 2,18
3568,Clay BE A 14,255
3568,Ranke BE A 61,4
3568,Schroeder VS 12,18
3568,Schroder VS 15,18
3568,Fossey pp,74-79
3569,UET 2,19
3569,Clay BE A 14,255
3569,Ranke BE A 61,191
3569,Schroeder VS 12,18
3569,Schroder VS 15,18
3569,Fossey pp,74-79
3570,Fossey pp,"1036, 1044"
3576,Fossey pp,63
3577,Fossey pp,63
3578,Fossey pp,63
3584,Fossey pp,61
3587,UET 2,397
3587,ARM XV,298
3587,Clay BE A 14,58
3587,Koenig AfO Bei 16,139
3587,Ranke BE A 61,212
3587,Schroeder VS 12,208
3587,Schroder VS 15,190
3587,Fossey pp,1013-1015
3588,UET 2,397
3588,ARM XV,298
3588,Clay BE A 14,58
3588,Koenig AfO Bei 16,139
3588,Ranke BE A 61,212
3588,Schroeder VS 12,208
3588,Schroder VS 15,190
3588,Fossey pp,1013-1015
3589,UET 2,397
3589,ARM XV,298
3589,Clay BE A 14,58
3589,Koenig AfO Bei 16,147
3589,Ranke BE A 61,212
3589,Schroeder VS 12,208
3589,Schroder VS 15,190
3589,Fossey pp,1013-1015
3590,UET 2,397
3590,ARM XV,298
3590,Clay BE A 14,58
3590,Koenig AfO Bei 16,147
3590,Ranke BE A 61,212
3590,Schroeder VS 12,208
3590,Schroder VS 15,190
3590,Fossey pp,1013-1015
3591,UET 2,397
3591,ARM XV,298
3591,Clay BE A 14,58
3591,Koenig AfO Bei 16,162
3591,Ranke BE A 61,212
3591,Schroeder VS 12,208
3591,Schroder VS 15,190
3591,Fossey pp,1013-1015
3592,UET 2,397
3592,ARM XV,298
3592,Clay BE A 14,58
3592,Koenig AfO Bei 16,162
3592,Ranke BE A 61,212
3592,Schroeder VS 12,208
3592,Schroder VS 15,190
3592,Fossey pp,1013-1015
3593,UET 2,397
3593,ARM XV,298
3593,Clay BE A 14,58
3593,Koenig AfO Bei 16,139
3593,Ranke BE A 61,212
3593,Schroeder VS 12,208
3593,Schroder VS 15,190
3593,Fossey pp,1013-1015
3594,UET 2,397
3594,ARM XV,298
3594,Clay BE A 14,58
3594,Koenig AfO Bei 16,139
3594,Ranke BE A 61,212
3594,Schroeder VS 12,208
3594,Schroder VS 15,190
3594,Fossey pp,1013-1015
3595,UET 2,397
3595,ARM XV,298
3595,Clay BE A 14,58
3595,Koenig AfO Bei 16,147
3595,Ranke BE A 61,212
3595,Schroeder VS 12,208
3595,Schroder VS 15,190
3595,Fossey pp,1013-1015
3596,UET 2,397
3596,ARM XV,298
3596,Clay BE A 14,58
3596,Koenig AfO Bei 16,147
3596,Ranke BE A 61,212
3596,Schroeder VS 12,208
3596,Schroder VS 15,190
3596,Fossey pp,1013-1015
3597,UET 2,397
3597,ARM XV,298
3597,Clay BE A 14,58
3597,Koenig AfO Bei 16,162
3597,Ranke BE A 61,212
3597,Schroeder VS 12,208
3597,Schroder VS 15,190
3597,Fossey pp,1013-1015
3598,UET 2,397
3598,ARM XV,298
3598,Clay BE A 14,58
3598,Koenig AfO Bei 16,162
3598,Ranke BE A 61,212
3598,Schroeder VS 12,208
3598,Schroder VS 15,190
3598,Fossey pp,1013-1015
3599,UET 2,397
3599,ARM XV,298
3599,Clay BE A 14,58
3599,Koenig AfO Bei 16,139
3599,Ranke BE A 61,212
3599,Schroeder VS 12,208
3599,Schroder VS 15,190
3599,Fossey pp,1013-1015
3600,UET 2,397
3600,ARM XV,298
3600,Clay BE A 14,58
3600,Koenig AfO Bei 16,139
3600,Ranke BE A 61,212
3600,Schroeder VS 12,208
3600,Schroder VS 15,190
3600,Fossey pp,1013-1015
3601,UET 2,397
3601,ARM XV,298
3601,Clay BE A 14,58
3601,Koenig AfO Bei 16,147
3601,Ranke BE A 61,212
3601,Schroeder VS 12,208
3601,Schroder VS 15,190
3601,Fossey pp,1013-1015
3602,UET 2,397
3602,ARM XV,298
3602,Clay BE A 14,58
3602,Koenig AfO Bei 16,147
3602,Ranke BE A 61,212
3602,Schroeder VS 12,208
3602,Schroder VS 15,190
3602,Fossey pp,1013-1015
3603,UET 2,397
3603,ARM XV,298
3603,Clay BE A 14,58
3603,Koenig AfO Bei 16,162
3603,Ranke BE A 61,212
3603,Schroeder VS 12,208
3603,Schroder VS 15,190
3603,Fossey pp,1013-1015
3604,UET 2,397
3604,ARM XV,298
3604,Clay BE A 14,58
3604,Koenig AfO Bei 16,162
3604,Ranke BE A 61,212
3604,Schroeder VS 12,208
3604,Schroder VS 15,190
3604,Fossey pp,1013-1015
3605,UET 2,397
3605,ARM XV,298
3605,Clay BE A 14,58
3605,Koenig AfO Bei 16,139
3605,Ranke BE A 61,212
3605,Schroeder VS 12,208
3605,Schroder VS 15,190
3605,Fossey pp,1013-1015
3606,UET 2,397
3606,ARM XV,298
3606,Clay BE A 14,58
3606,Koenig AfO Bei 16,139
3606,Ranke BE A 61,212
3606,Schroeder VS 12,208
3606,Schroder VS 15,190
3606,Fossey pp,1013-1015
3607,UET 2,397
3607,ARM XV,298
3607,Clay BE A 14,58
3607,Koenig AfO Bei 16,147
3607,Ranke BE A 61,212
3607,Schroeder VS 12,208
3607,Schroder VS 15,190
3607,Fossey pp,1013-1015
3608,UET 2,397
3608,ARM XV,298
3608,Clay BE A 14,58
3608,Koenig AfO Bei 16,147
3608,Ranke BE A 61,212
3608,Schroeder VS 12,208
3608,Schroder VS 15,190
3608,Fossey pp,1013-1015
3609,UET 2,397
3609,ARM XV,298
3609,Clay BE A 14,58
3609,Koenig AfO Bei 16,162
3609,Ranke BE A 61,212
3609,Schroeder VS 12,208
3609,Schroder VS 15,190
3609,Fossey pp,1013-1015
3610,UET 2,397
3610,ARM XV,298
3610,Clay BE A 14,58
3610,Koenig AfO Bei 16,162
3610,Ranke BE A 61,212
3610,Schroeder VS 12,208
3610,Schroder VS 15,190
3610,Fossey pp,1013-1015
3614,Clay BE A 14,79
3614,Clay BE A 10,73
3616,Ranke BE A 61,59
3616,Schroder VS 15,83
3618,UET 2,66
3618,Ranke BE A 61,59
3618,Fossey pp,428-434
3619,UET 2,66
3619,Ranke BE A 61,59
3619,Fossey pp,428-434
3620,UET 2,66
3620,Ranke BE A 61,59
3620,Fossey pp,428-434
3621,UET 2,66
3621,Ranke BE A 61,59
3621,Fossey pp,428-434
3626,Fossey pp,319
3629,Fossey pp,"319, 582"
3630,Fossey pp,"319, 582"
3642,Fossey pp,780
3643,Fossey pp,780
3644,Fossey pp,780
3645,Fossey pp,780
3647,Schroder VS 15,188
3647,Fossey pp,1059
3654,UET 2,138
3654,Clay BE A 14,233
3654,Koenig AfO Bei 16,149
3654,Ranke BE A 61,174
3654,Clay BE A 10,114
3654,Fossey pp,375-381
3655,UET 2,138
3655,Clay BE A 14,233
3655,Koenig AfO Bei 16,149
3655,Ranke BE A 61,174
3655,Clay BE A 10,114
3655,Fossey pp,375-381
3656,UET 2,138
3656,Clay BE A 14,233
3656,Koenig AfO Bei 16,149
3656,Ranke BE A 61,174
3656,Clay BE A 10,114
3656,Fossey pp,375-381
3657,UET 2,138
3657,Clay BE A 14,233
3657,Koenig AfO Bei 16,149
3657,Ranke BE A 61,174
3657,Clay BE A 10,114
3657,Fossey pp,375-381
3658,UET 2,138
3658,Clay BE A 14,233
3658,Koenig AfO Bei 16,149
3658,Ranke BE A 61,174
3658,Clay BE A 10,114
3658,Fossey pp,375-381
3659,UET 2,138
3659,Clay BE A 14,233
3659,Koenig AfO Bei 16,149
3659,Ranke BE A 61,174
3659,Clay BE A 10,114
3659,Fossey pp,375-381
3660,Clay BE A 14,133
3660,Fossey pp,375-381
3661,Fossey pp,"783ff, 1064, 1072, 1077"
3662,Fossey pp,817
3663,Fossey pp,817
3665,Fossey pp,1064
3667,Fossey pp,531
3669,Fossey pp,815
3670,Fossey pp,815
3671,Fossey pp,817
3674,Fossey pp,817
3676,UET 2,130
3676,ARM XV,212
3676,Clay BE A 14,205
3676,Koenig AfO Bei 16,163
3676,Ranke BE A 61,165
3676,Schroeder VS 12,147
3676,Schroder VS 15,141
3676,Fossey pp,736-739
3677,UET 2,130
3677,ARM XV,212
3677,Clay BE A 14,205
3677,Koenig AfO Bei 16,163
3677,Ranke BE A 61,165
3677,Schroeder VS 12,147
3677,Schroder VS 15,141
3677,Fossey pp,736-739
3685,UET 2,386a
3685,ARM XV,291
3685,Clay BE A 14,249
3685,Koenig AfO Bei 16,217
3685,Ranke BE A 61,218
3685,Schroeder VS 12,202
3685,Fossey pp,965-967
3686,UET 2,386b
3688,Fossey pp,247
3689,Fossey pp,247
3700,Fossey pp,947
3708,Fossey pp,58
3709,Fossey pp,501
3710,Fossey pp,501
3713,Fossey pp,501
3719,UET 2,360
3719,Clay BE A 14,166
3719,Fossey pp,"17ff, 557"
3720,UET 2,360
3720,Clay BE A 14,166
3720,Fossey pp,"17ff, 557"
3721,UET 2,360
3721,Clay BE A 14,166
3721,Fossey pp,"17ff, 557"
3722,UET 2,360
3722,Clay BE A 14,166
3722,Fossey pp,"17ff, 557"
3723,UET 2,360
3723,Clay BE A 14,166
3723,Fossey pp,"17ff, 557"
3724,UET 2,360
3724,Clay BE A 14,166
3724,Fossey pp,"17ff, 557"
3725,UET 2,360
3725,Clay BE A 14,166
3725,Fossey pp,"17ff, 557"
3726,UET 2,360
3726,Clay BE A 14,166
3726,Fossey pp,"17ff, 557"
3727,UET 2,360
3727,Clay BE A 14,166
3727,Fossey pp,"17ff, 557"
3728,UET 2,360
3728,Clay BE A 14,166
3728,Fossey pp,"17ff, 557"
3732,Fossey pp,947
3735,UET 2,10
3735,ARM XV,182
3735,Clay BE A 14,19
3735,Ranke BE A 61,17
3735,Schroeder VS 12,131
3735,Clay BE A 10,29
3735,Schroder VS 15,122
3735,Fossey pp,639-642
3736,UET 2,10
3736,ARM XV,182
3736,Clay BE A 14,19
3736,Ranke BE A 61,17
3736,Schroeder VS 12,131
3736,Clay BE A 10,29
3736,Schroder VS 15,122
3736,Fossey pp,639-642
3739,Fossey pp,129
3743,UET 2,30
3743,ARM XV,85
3743,Clay BE A 14,102
3743,Koenig AfO Bei 16,150
3743,Ranke BE A 61,37
3743,Schroeder VS 12,58
3743,Clay BE A 10,92
3743,Schroder VS 15,52
3743,Fossey pp,269-272
3750,Fossey pp,822
3751,UET 2,371
3751,ARM XV,167
3751,Clay BE A 14,140
3751,Koenig AfO Bei 16,90
3751,Ranke BE A 61,106
3751,Schroeder VS 12,123
3751,Clay BE A 10,117
3751,Schroder VS 15,112
3751,Fossey pp,"575-579, 1076"
3752,UET 2,371
3752,ARM XV,167
3752,Clay BE A 14,140
3752,Koenig AfO Bei 16,90
3752,Ranke BE A 61,106
3752,Schroeder VS 12,123
3752,Clay BE A 10,117
3752,Schroder VS 15,112
3752,Fossey pp,"575-579, 1076"
3753,UET 2,371
3753,ARM XV,167
3753,Clay BE A 14,140
3753,Koenig AfO Bei 16,90
3753,Ranke BE A 61,106
3753,Schroeder VS 12,123
3753,Clay BE A 10,117
3753,Schroder VS 15,112
3753,Fossey pp,"575-579, 1076"
3754,UET 2,371
3754,ARM XV,167
3754,Clay BE A 14,140
3754,Koenig AfO Bei 16,90
3754,Ranke BE A 61,106
3754,Schroeder VS 12,123
3754,Clay BE A 10,117
3754,Schroder VS 15,112
3754,Fossey pp,"575-579, 1076"
3755,UET 2,371
3755,ARM XV,167
3755,Clay BE A 14,140
3755,Koenig AfO Bei 16,90
3755,Ranke BE A 61,106
3755,Schroeder VS 12,123
3755,Clay BE A 10,117
3755,Schroder VS 15,112
3755,Fossey pp,"575-579, 1076"
3757,Fossey pp,1081
3759,UET 2,118
3765,UET 2,202
3765,ARM XV,320
3765,Clay BE A 14,192
3765,Koenig AfO Bei 16,151
3765,Ranke BE A 61,211
3765,Schroder VS 15,169
3765,Fossey pp,1045ff
3767,UET 2,266
3767,ARM XV,295
3767,Clay BE A 14,248
3767,Ranke BE A 61,209
3767,Schroeder VS 12,205
3767,Fossey pp,980-983
3768,UET 2,266
3768,ARM XV,295
3768,Clay BE A 14,254
3768,Ranke BE A 61,209
3768,Schroeder VS 12,205
3768,Fossey pp,980-983
3769,UET 2,266
3769,ARM XV,295
3769,Clay BE A 14,248
3769,Ranke BE A 61,209
3769,Schroeder VS 12,205
3769,Fossey pp,980-983
3770,UET 2,266
3770,ARM XV,295
3770,Clay BE A 14,248
3770,Ranke BE A 61,209
3770,Schroeder VS 12,205
3770,Fossey pp,980-983
3771,UET 2,266
3771,ARM XV,295
3771,Clay BE A 14,248
3771,Ranke BE A 61,209
3771,Schroeder VS 12,205
3771,Fossey pp,980-983
3772,UET 2,266
3772,ARM XV,295
3772,Clay BE A 14,248
3772,Ranke BE A 61,209
3772,Schroeder VS 12,205
3772,Fossey pp,980-983
3773,UET 2,266
3773,ARM XV,295
3773,Clay BE A 14,248
3773,Ranke BE A 61,209
3773,Schroeder VS 12,205
3773,Fossey pp,980-983
3774,UET 2,266
3774,ARM XV,295
3774,Clay BE A 14,248
3774,Ranke BE A 61,209
3774,Schroeder VS 12,205
3774,Fossey pp,980-983
3775,UET 2,266
3775,ARM XV,295
3775,Clay BE A 14,248
3775,Ranke BE A 61,209
3775,Schroeder VS 12,205
3775,Fossey pp,980-983
3776,UET 2,266
3776,ARM XV,295
3776,Clay BE A 14,248
3776,Ranke BE A 61,209
3776,Schroeder VS 12,205
3776,Fossey pp,980-983
3777,UET 2,266
3777,ARM XV,295
3777,Clay BE A 14,248
3777,Ranke BE A 61,209
3777,Schroeder VS 12,205
3777,Fossey pp,980-983
3778,UET 2,266
3778,ARM XV,295
3778,Clay BE A 14,248
3778,Ranke BE A 61,209
3778,Schroeder VS 12,205
3778,Fossey pp,980-983
3780,UET 2,206
3780,ARM XV,307'
3780,Clay BE A 14,201
3780,Koenig AfO Bei 16,94
3780,Ranke BE A 61,184
3780,Schroeder VS 12,215
3780,Schroder VS 15,198
3780,Fossey pp,1024-1027
3782,ARM XV,263'
3782,Clay BE A 14,187
3782,Schroeder VS 12,178
3782,Fossey pp,882ff
3783,Fossey pp,892
3784,UET 2,245
3784,Clay BE A 14,159
3784,Fossey pp,704
3786,Fossey pp,992
3787,Clay BE A 14,120
3787,Fossey pp,529
3792,UET 2,278
3792,Clay BE A 14,109
3792,Clay BE A 10,105
3792,Fossey pp,523ff
3793,Clay BE A 14,109
3793,Clay BE A 10,105
3793,Fossey pp,523ff
3794,UET 2,269
3794,Clay BE A 14,109
3794,Clay BE A 10,105
3794,Fossey pp,523ff
3795,Clay BE A 14,109
3795,Clay BE A 10,105
3795,Fossey pp,523ff
3796,Fossey pp,"209, 900"
3797,Fossey pp,"209, 900"
3802,UET 2,353
3802,Clay BE A 14,81
3802,Schroeder VS 12,102
3802,Clay BE A 10,67
3802,Schroder VS 15,91
3802,Fossey pp,"498ff, 1090"
3803,UET 2,353
3803,Clay BE A 14,81
3803,Schroeder VS 12,102
3803,Clay BE A 10,67
3803,Schroder VS 15,91
3803,Fossey pp,"498ff, 1090"
3804,UET 2,353
3804,Clay BE A 14,81
3804,Schroeder VS 12,102
3804,Clay BE A 10,67
3804,Schroder VS 15,91
3804,Fossey pp,"498ff, 1090"
3805,UET 2,353
3805,Clay BE A 14,81
3805,Schroeder VS 12,102
3805,Clay BE A 10,67
3805,Schroder VS 15,91
3805,Fossey pp,"498ff, 1090"
3806,UET 2,353
3806,Clay BE A 14,81
3806,Schroeder VS 12,102
3806,Clay BE A 10,67
3806,Schroder VS 15,91
3806,Fossey pp,"498ff, 1090"
3807,UET 2,353
3807,Clay BE A 14,81
3807,Schroeder VS 12,102
3807,Clay BE A 10,67
3807,Schroder VS 15,91
3807,Fossey pp,"498ff, 1090"
3808,UET 2,353
3808,Clay BE A 14,81
3808,Schroeder VS 12,102
3808,Clay BE A 10,67
3808,Schroder VS 15,91
3808,Fossey pp,"498ff, 1090"
3809,UET 2,353
3809,Clay BE A 14,81
3809,Schroeder VS 12,102
3809,Clay BE A 10,67
3809,Schroder VS 15,91
3809,Fossey pp,"498ff, 1090"
3812,Fossey pp,501
3814,UET 2,93
3814,Clay BE A 14,156
3814,Koenig AfO Bei 16,193
3814,Fossey pp,676-678
3815,UET 2,94
3815,Clay BE A 14,156
3815,Koenig AfO Bei 16,193
3815,Fossey pp,676-678
3817,Fossey pp,216
3818,ARM XV,155
3818,Clay BE A 14,127
3818,Ranke BE A 61,102
3818,Schroeder VS 12,114
3818,Clay BE A 10,110
3818,Schroder VS 15,102
3818,Fossey pp,537ff
3819,UET 2,15
3819,Clay BE A 14,32
3819,Schroeder VS 12,31
3819,Fossey pp,149ff
3820,UET 2,16
3820,Clay BE A 14,32
3820,Schroeder VS 12,31
3820,Fossey pp,149ff
3821,UET 2,15
3821,Clay BE A 14,32
3821,Schroeder VS 12,31
3821,Fossey pp,149ff
3822,UET 2,16
3822,Clay BE A 14,32
3822,Schroeder VS 12,31
3822,Fossey pp,149ff
3834,UET 2,146
3834,Clay BE A 14,93
3834,Fossey pp,854-856
3835,UET 2,146
3835,Clay BE A 14,93
3835,Fossey pp,854-856
3840,Fossey pp,"511, 1088"
3841,Fossey pp,"511, 1088"
3842,Fossey pp,864
3846,UET 2,226
3846,ARM XV,6
3846,Clay BE A 14,168
3846,Koenig AfO Bei 16,153
3846,Ranke BE A 61,143
3846,Schroeder VS 12,5
3846,Clay BE A 10,143
3846,Schroder VS 15,6
3846,Fossey pp,11-16
3847,UET 2,226
3847,ARM XV,6
3847,Clay BE A 14,168
3847,Koenig AfO Bei 16,153
3847,Ranke BE A 61,143
3847,Schroeder VS 12,5
3847,Clay BE A 10,143
3847,Schroder VS 15,6
3847,Fossey pp,11-16
3850,UET 2,96
3850,ARM XV,203
3850,Clay BE A 14,161
3850,Koenig AfO Bei 16,168
3850,Ranke BE A 61,139
3850,Schroeder VS 12,143
3850,Clay BE A 10,140
3850,Schroder VS 15,135
3850,Fossey pp,712-716
3851,UET 2,96
3851,ARM XV,203
3851,Clay BE A 14,161
3851,Koenig AfO Bei 16,168
3851,Ranke BE A 61,139
3851,Schroeder VS 12,143
3851,Clay BE A 10,140
3851,Schroder VS 15,135
3851,Fossey pp,712-716
3857,Clay BE A 14,164
3863,Clay BE A 14,262
3863,Koenig AfO Bei 16,169
3863,Schroeder VS 12,206
3863,Schroder VS 15,189
3863,Fossey pp,988
3864,Clay BE A 14,262
3864,Koenig AfO Bei 16,169
3864,Schroeder VS 12,206
3864,Schroder VS 15,189
3864,Fossey pp,988
3867,UET 2,170
3868,UET 2,230
3870,UET 2,33
3870,Fossey pp,275ff
3871,UET 2,33
3871,Fossey pp,275ff
3872,UET 2,33
3872,Fossey pp,275ff
3873,UET 2,33
3873,Fossey pp,275ff
3874,UET 2,33
3874,Fossey pp,275ff
3877,Fossey pp,44ff
3878,Fossey pp,46
3884,Fossey pp,900
3885,Fossey pp,46
3886,Fossey pp,129ff
3895,Fossey pp,401
3899,UET 2,149
3899,ARM XV,216
3899,Clay BE A 14,209
3899,Koenig AfO Bei 16,158
3899,Fossey pp,744-746
3900,UET 2,149
3900,ARM XV,216
3900,Clay BE A 14,209
3900,Koenig AfO Bei 16,167
3900,Fossey pp,744-746
3901,UET 2,151
3901,ARM XV,216
3901,Clay BE A 14,209
3901,Koenig AfO Bei 16,158
3901,Fossey pp,744-746
3902,UET 2,151
3902,ARM XV,216
3902,Clay BE A 14,209
3902,Koenig AfO Bei 16,167
3902,Fossey pp,744-746
3903,UET 2,150
3903,ARM XV,216
3903,Clay BE A 14,209
3903,Koenig AfO Bei 16,158
3903,Fossey pp,744-746
3904,UET 2,150
3904,ARM XV,216
3904,Clay BE A 14,209
3904,Koenig AfO Bei 16,167
3904,Fossey pp,744-746
3910,Fossey pp,990
3912,UET 2,271
3912,Clay BE A 14,253
3912,Ranke BE A 61,225
3912,Schroeder VS 12,197
3912,Fossey pp,951
3913,UET 2,271
3913,Clay BE A 14,253
3913,Ranke BE A 61,225
3913,Schroeder VS 12,197
3913,Fossey pp,951
3919,UET 2,394
3919,Fossey pp,1027ff
3920,Schroeder VS 12,207
3920,Fossey pp,989
3925,UET 2,215
3925,Fossey pp,"816, 1083ff"
3927,Fossey pp,448-450
3928,Fossey pp,448-450
3933,UET 2,211
3937,Clay BE A 14,256
3937,Ranke BE A 61,191
3937,Schroeder VS 12,184
3937,Schroder VS 15,171
3937,Fossey pp,"915-918, 1078"
3938,Clay BE A 14,256
3938,Schroeder VS 12,184
3938,Schroder VS 15,171
3938,Fossey pp,"915-918, 1078"
3939,Clay BE A 14,256
3939,Schroeder VS 12,184
3939,Schroder VS 15,171
3939,Fossey pp,"915-918, 1078"
3944,UET 2,125
3944,ARM XV,115
3944,Clay BE A 14,213
3944,Ranke BE A 61,192
3944,Schroder VS 15,74
3944,Fossey pp,392-398
3945,UET 2,125
3945,ARM XV,115
3945,Clay BE A 14,213
3945,Ranke BE A 61,192
3945,Schroder VS 15,74
3945,Fossey pp,392-398
3946,UET 2,214
3946,Fossey pp,"426, 1083"
3947,Fossey pp,"426, 1083"
3953,UET 2,24
3953,ARM XV,73
3953,Clay BE A 14,47
3953,Schroeder VS 12,51
3953,Clay BE A 10,43
3953,Schroder VS 15,48
3953,Fossey pp,"213, 242, 1075"
3954,UET 2,24
3954,ARM XV,73
3954,Clay BE A 14,47
3954,Schroeder VS 12,51
3954,Clay BE A 10,43
3954,Schroder VS 15,48
3954,Fossey pp,"213, 242, 1075"
3956,Fossey pp,285
3959,Fossey pp,786
3962,Fossey pp,285
3968,UET 2,122
3968,Fossey pp,"17, 31"
3969,Fossey pp,"17, 31"
3970,Fossey pp,"17, 31"
3971,Fossey pp,"17, 31"
3972,Fossey pp,"17, 31"
3973,Fossey pp,"17, 31"
3975,Schroder VS 15,187
3975,Fossey pp,1058
3984,Fossey pp,1078
3985,Fossey pp,196-201
3993,UET 2,346
3993,ARM XV,102
3993,Clay BE A 14,115
3993,Koenig AfO Bei 16,172
3993,Ranke BE A 61,84
3993,Schroeder VS 12,74
3993,Clay BE A 10,85
3993,Schroder VS 15,63
3993,Fossey pp,324-330
3994,UET 2,346
3994,ARM XV,102
3994,Clay BE A 14,115
3994,Koenig AfO Bei 16,172
3994,Ranke BE A 61,84
3994,Schroeder VS 12,74
3994,Clay BE A 10,85
3994,Schroder VS 15,63
3994,Fossey pp,324-330
3995,UET 2,346
3995,ARM XV,102
3995,Clay BE A 14,115
3995,Koenig AfO Bei 16,172
3995,Ranke BE A 61,84
3995,Schroeder VS 12,74
3995,Clay BE A 10,85
3995,Schroder VS 15,63
3995,Fossey pp,324-330
3996,UET 2,346
3996,ARM XV,102
3996,Clay BE A 14,115
3996,Koenig AfO Bei 16,172
3996,Ranke BE A 61,84
3996,Schroeder VS 12,74
3996,Clay BE A 10,85
3996,Schroder VS 15,63
3996,Fossey pp,324-330
3997,UET 2,346
3997,ARM XV,102
3997,Clay BE A 14,115
3997,Koenig AfO Bei 16,172
3997,Ranke BE A 61,84
3997,Schroeder VS 12,74
3997,Clay BE A 10,85
3997,Schroder VS 15,63
3997,Fossey pp,324-330
3998,UET 2,346
3998,ARM XV,102
3998,Clay BE A 14,115
3998,Koenig AfO Bei 16,172
3998,Ranke BE A 61,84
3998,Schroeder VS 12,74
3998,Clay BE A 10,85
3998,Schroder VS 15,63
3998,Fossey pp,324-330
3999,UET 2,346
3999,ARM XV,102
3999,Koenig AfO Bei 16,172
3999,Ranke BE A 61,84
3999,Schroeder VS 12,74
3999,Clay BE A 10,85
3999,Schroder VS 15,63
3999,Fossey pp,324-330
4000,UET 2,346
4000,ARM XV,102
4000,Koenig AfO Bei 16,172
4000,Ranke BE A 61,84
4000,Schroeder VS 12,74
4000,Clay BE A 10,85
4000,Schroder VS 15,63
4000,Fossey pp,324-330
4001,UET 2,346
4001,ARM XV,102
4001,Koenig AfO Bei 16,172
4001,Ranke BE A 61,84
4001,Schroeder VS 12,74
4001,Clay BE A 10,85
4001,Schroder VS 15,63
4001,Fossey pp,324-330
4002,UET 2,346
4002,ARM XV,102
4002,Koenig AfO Bei 16,172
4002,Ranke BE A 61,84
4002,Schroeder VS 12,74
4002,Clay BE A 10,85
4002,Schroder VS 15,63
4002,Fossey pp,324-330
4003,UET 2,346
4003,ARM XV,102
4003,Koenig AfO Bei 16,172
4003,Ranke BE A 61,84
4003,Schroeder VS 12,74
4003,Clay BE A 10,85
4003,Schroder VS 15,63
4003,Fossey pp,324-330
4004,UET 2,346
4004,ARM XV,102
4004,Koenig AfO Bei 16,172
4004,Ranke BE A 61,84
4004,Schroeder VS 12,74
4004,Clay BE A 10,85
4004,Schroder VS 15,63
4004,Fossey pp,324-330
4007,UET 2,64
4007,ARM XV,90
4007,Clay BE A 14,57
4007,Ranke BE A 61,45
4007,Schroeder VS 12,63
4007,Clay BE A 10,52
4007,Schroder VS 15,56
4007,Fossey pp,288
4008,UET 2,315
4008,ARM XV,92
4008,Koenig AfO Bei 16,170
4008,Ranke BE A 61,66
4008,Schroeder VS 12,64
4008,Clay BE A 10,59
4008,Schroder VS 15,57
4008,Fossey pp,289-294
4009,UET 2,356
4009,ARM XV,92
4009,Clay BE A 14,59
4009,Koenig AfO Bei 16,174
4009,Ranke BE A 61,66
4009,Schroeder VS 12,64
4009,Clay BE A 10,59
4009,Schroder VS 15,57
4009,Fossey pp,289-294
4010,UET 2,356
4010,ARM XV,92
4010,Clay BE A 14,59
4010,Koenig AfO Bei 16,174
4010,Ranke BE A 61,66
4010,Schroeder VS 12,64
4010,Clay BE A 10,59
4010,Schroder VS 15,57
4010,Fossey pp,289-294
4011,UET 2,356
4011,ARM XV,92
4011,Clay BE A 14,59
4011,Koenig AfO Bei 16,174
4011,Ranke BE A 61,66
4011,Schroeder VS 12,64
4011,Clay BE A 10,59
4011,Schroder VS 15,57
4011,Fossey pp,289-294
4012,UET 2,356
4012,ARM XV,92
4012,Clay BE A 14,59
4012,Koenig AfO Bei 16,174
4012,Ranke BE A 61,66
4012,Schroeder VS 12,64
4012,Clay BE A 10,59
4012,Schroder VS 15,57
4012,Fossey pp,289-294
4013,UET 2,356
4013,ARM XV,92
4013,Clay BE A 14,59
4013,Koenig AfO Bei 16,174
4013,Ranke BE A 61,66
4013,Schroeder VS 12,64
4013,Clay BE A 10,59
4013,Schroder VS 15,57
4013,Fossey pp,289-294
4014,UET 2,356
4014,ARM XV,92
4014,Clay BE A 14,59
4014,Koenig AfO Bei 16,174
4014,Ranke BE A 61,66
4014,Schroeder VS 12,64
4014,Clay BE A 10,59
4014,Schroder VS 15,57
4014,Fossey pp,289-294
4015,UET 2,356
4015,ARM XV,92
4015,Clay BE A 14,59
4015,Koenig AfO Bei 16,174
4015,Ranke BE A 61,66
4015,Schroeder VS 12,64
4015,Clay BE A 10,59
4015,Schroder VS 15,57
4015,Fossey pp,289-294
4025,UET 2,117
4025,ARM XV,11
4025,Clay BE A 14,271
4025,Koenig AfO Bei 16,87
4025,Ranke BE A 61,178
4025,Schroeder VS 12,9
4025,Schroder VS 15,9
4025,Fossey pp,26-28
4026,UET 2,117
4026,ARM XV,11
4026,Clay BE A 14,271
4026,Koenig AfO Bei 16,166
4026,Ranke BE A 61,178
4026,Schroeder VS 12,9
4026,Schroder VS 15,9
4026,Fossey pp,26-28
4027,UET 2,117
4027,ARM XV,11
4027,Clay BE A 14,271
4027,Koenig AfO Bei 16,177
4027,Ranke BE A 61,178
4027,Schroeder VS 12,9
4027,Schroder VS 15,9
4027,Fossey pp,26-28
4028,UET 2,117
4028,ARM XV,11
4028,Clay BE A 14,271
4028,Koenig AfO Bei 16,87
4028,Ranke BE A 61,178
4028,Schroeder VS 12,9
4028,Schroder VS 15,9
4028,Fossey pp,26-28
4029,UET 2,117
4029,ARM XV,11
4029,Clay BE A 14,271
4029,Koenig AfO Bei 16,166
4029,Ranke BE A 61,178
4029,Schroeder VS 12,9
4029,Schroder VS 15,9
4029,Fossey pp,26-28
4030,UET 2,117
4030,ARM XV,11
4030,Clay BE A 14,271
4030,Koenig AfO Bei 16,177
4030,Ranke BE A 61,178
4030,Schroeder VS 12,9
4030,Schroder VS 15,9
4030,Fossey pp,26-28
4031,UET 2,195
4031,ARM XV,218
4031,Clay BE A 14,214
4031,Koenig AfO Bei 16,179
4031,Ranke BE A 61,203
4031,Schroeder VS 12,152
4031,Schroder VS 15,145
4031,Fossey pp,"754-758, 1077"
4034,UET 2,23
4034,ARM XV,46
4034,Clay BE A 14,33
4034,Koenig AfO Bei 16,180
4034,Ranke BE A 61,14
4034,Schroeder VS 12,33
4034,Clay BE A 10,23
4034,Schroder VS 15,32
4034,Fossey pp,154-156
4040,Fossey pp,46
4054,ARM XV,42
4054,Clay BE A 14,27
4054,Ranke BE A 61,11
4054,Schroeder VS 12,29
4054,Clay BE A 10,26
4054,Schroder VS 15,29
4061,Clay BE A 14,163
4061,Ranke BE A 61,142
4061,Schroder VS 15,137
4062,ARM XV,217
4062,Clay BE A 14,210
4062,Koenig AfO Bei 16,184
4062,Ranke BE A 61,169
4062,Schroeder VS 12,151
4062,Schroder VS 15,144
4062,Fossey pp,751-753
4063,ARM XV,217
4063,Clay BE A 14,210
4063,Koenig AfO Bei 16,184
4063,Ranke BE A 61,169
4063,Schroeder VS 12,151
4063,Schroder VS 15,144
4063,Fossey pp,751-753
4067,UET 2,133
4067,ARM XV,30
4067,Clay BE A 14,212
4067,Koenig AfO Bei 16,185
4067,Ranke BE A 61,172
4067,Schroeder VS 12,22
4067,Schroder VS 15,22
4067,Fossey pp,109-111
4068,UET 2,133
4068,ARM XV,30
4068,Clay BE A 14,212
4068,Koenig AfO Bei 16,185
4068,Ranke BE A 61,172
4068,Schroeder VS 12,22
4068,Schroder VS 15,22
4068,Fossey pp,109-111
4069,UET 2,133
4069,ARM XV,30
4069,Clay BE A 14,212
4069,Koenig AfO Bei 16,185
4069,Ranke BE A 61,172
4069,Schroeder VS 12,22
4069,Schroder VS 15,22
4069,Fossey pp,109-111
4073,Fossey pp,44
4076,UET 2,385c
4076,ARM XV,290
4076,Clay BE A 14,249
4076,Koenig AfO Bei 16,189
4076,Ranke BE A 61,218
4076,Schroeder VS 12,202
4076,Fossey pp,962-965
4077,UET 2,385c
4077,ARM XV,290
4077,Clay BE A 14,249
4077,Koenig AfO Bei 16,189
4077,Ranke BE A 61,218
4077,Schroeder VS 12,202
4077,Fossey pp,962-965
4078,UET 2,385c
4078,ARM XV,290
4078,Clay BE A 14,249
4078,Koenig AfO Bei 16,189
4078,Ranke BE A 61,218
4078,Schroeder VS 12,202
4078,Fossey pp,962-965
4079,UET 2,385c
4079,ARM XV,290
4079,Clay BE A 14,249
4079,Koenig AfO Bei 16,189
4079,Ranke BE A 61,218
4079,Schroeder VS 12,202
4079,Fossey pp,962-965
4082,Fossey pp,1013
4084,UET 2,283
4084,Clay BE A 14,261
4084,Koenig AfO Bei 16,141
4084,Ranke BE A 61,230
4084,Schroeder VS 12,218
4084,Fossey pp,1028-1030
4085,UET 2,283
4085,Clay BE A 14,261
4085,Koenig AfO Bei 16,165
4085,Ranke BE A 61,230
4085,Schroeder VS 12,218
4085,Fossey pp,1028-1030
4086,UET 2,283
4086,Clay BE A 14,261
4086,Koenig AfO Bei 16,190
4086,Ranke BE A 61,230
4086,Schroeder VS 12,218
4086,Fossey pp,1028-1030
4092,Fossey pp,49
4093,UET 2,378
4093,ARM XV,137
4093,Clay BE A 14,77
4093,Koenig AfO Bei 16,36
4093,Ranke BE A 61,80
4093,Schroeder VS 12,95
4093,Clay BE A 10,66
4093,Schroder VS 15,87
4093,Fossey pp,468-474
4094,UET 2,378
4094,ARM XV,137
4094,Clay BE A 14,77
4094,Koenig AfO Bei 16,188
4094,Ranke BE A 61,80
4094,Schroeder VS 12,95
4094,Clay BE A 10,66
4094,Schroder VS 15,87
4094,Fossey pp,468-474
4095,UET 2,378
4095,ARM XV,137
4095,Clay BE A 14,77
4095,Koenig AfO Bei 16,36
4095,Ranke BE A 61,80
4095,Schroeder VS 12,95
4095,Clay BE A 10,66
4095,Schroder VS 15,87
4095,Fossey pp,468-474
4096,UET 2,378
4096,ARM XV,137
4096,Clay BE A 14,77
4096,Koenig AfO Bei 16,188
4096,Ranke BE A 61,80
4096,Schroeder VS 12,95
4096,Clay BE A 10,66
4096,Schroder VS 15,87
4096,Fossey pp,468-474
4097,UET 2,378
4097,ARM XV,137
4097,Clay BE A 14,77
4097,Koenig AfO Bei 16,36
4097,Ranke BE A 61,80
4097,Schroeder VS 12,95
4097,Clay BE A 10,66
4097,Schroder VS 15,87
4097,Fossey pp,468-474
4098,UET 2,378
4098,ARM XV,137
4098,Clay BE A 14,77
4098,Koenig AfO Bei 16,188
4098,Ranke BE A 61,80
4098,Schroeder VS 12,95
4098,Clay BE A 10,66
4098,Schroder VS 15,87
4098,Fossey pp,468-474
4099,UET 2,378
4099,ARM XV,137
4099,Clay BE A 14,77
4099,Koenig AfO Bei 16,36
4099,Ranke BE A 61,80
4099,Schroeder VS 12,95
4099,Clay BE A 10,66
4099,Schroder VS 15,87
4099,Fossey pp,468-474
4100,UET 2,378
4100,ARM XV,137
4100,Clay BE A 14,77
4100,Koenig AfO Bei 16,188
4100,Ranke BE A 61,80
4100,Schroeder VS 12,95
4100,Clay BE A 10,66
4100,Schroder VS 15,87
4100,Fossey pp,468-474
4103,UET 2,339
4103,Clay BE A 14,259
4103,Ranke BE A 61,144
4103,Schroeder VS 12,224
4104,UET 2,339
4104,Clay BE A 14,259
4104,Ranke BE A 61,144
4104,Schroeder VS 12,224
4105,UET 2,339
4105,Clay BE A 14,259
4105,Ranke BE A 61,144
4105,Schroeder VS 12,224
4107,UET 2,415
4107,ARM XV,107
4107,Clay BE A 14,155
4107,Koenig AfO Bei 16,103
4107,Ranke BE A 61,136
4107,Schroeder VS 12,77
4107,Clay BE A 10,134
4107,Schroder VS 15,67
4107,Fossey pp,337-344
4108,UET 2,415
4108,ARM XV,107
4108,Clay BE A 14,155
4108,Koenig AfO Bei 16,192
4108,Ranke BE A 61,136
4108,Schroeder VS 12,77
4108,Clay BE A 10,134
4108,Schroder VS 15,67
4108,Fossey pp,337-344
4109,UET 2,415
4109,ARM XV,107
4109,Clay BE A 14,155
4109,Koenig AfO Bei 16,103
4109,Ranke BE A 61,136
4109,Schroeder VS 12,77
4109,Clay BE A 10,134
4109,Schroder VS 15,67
4109,Fossey pp,337-344
4110,UET 2,415
4110,ARM XV,107
4110,Clay BE A 14,155
4110,Koenig AfO Bei 16,192
4110,Ranke BE A 61,136
4110,Schroeder VS 12,77
4110,Clay BE A 10,134
4110,Schroder VS 15,67
4110,Fossey pp,337-344
4113,UET 2,60
4113,Clay BE A 10,45
4113,Schroder VS 15,43
4113,Fossey pp,208ff
4114,UET 2,60
4114,Clay BE A 10,45
4114,Schroder VS 15,43
4114,Fossey pp,208ff
4115,UET 2,60
4115,Clay BE A 10,45
4115,Schroder VS 15,43
4115,Fossey pp,208ff
4116,UET 2,60
4116,Clay BE A 10,45
4116,Schroder VS 15,43
4116,Fossey pp,208ff
4117,Fossey pp,209
4119,Clay BE A 14,172
4119,Ranke BE A 61,146
4119,Schroeder VS 12,165
4119,Clay BE A 10,150
4119,Schroder VS 15,155
4119,Fossey pp,"819ff, 1062, 1066ff, 1068, 1071ff"
4120,Clay BE A 14,172
4120,Ranke BE A 61,146
4120,Schroeder VS 12,165
4120,Clay BE A 10,150
4120,Schroder VS 15,155
4120,Fossey pp,"819ff, 1062, 1066ff, 1068, 1071ff"
4121,Clay BE A 14,172
4121,Ranke BE A 61,146
4121,Schroeder VS 12,165
4121,Clay BE A 10,150
4121,Schroder VS 15,155
4121,Fossey pp,"819ff, 1062, 1066ff, 1068, 1071ff"
4122,Clay BE A 14,172
4122,Ranke BE A 61,146
4122,Schroeder VS 12,165
4122,Clay BE A 10,150
4122,Schroder VS 15,155
4122,Fossey pp,"819ff, 1062, 1066ff, 1068, 1071ff"
4126,UET 2,91
4126,ARM XV,169
4126,Clay BE A 14,142
4126,Koenig AfO Bei 16,195
4126,Ranke BE A 61,112
4126,Schroeder VS 12,124
4126,Clay BE A 10,120
4126,Schroder VS 15,113
4126,Fossey pp,583-588
4127,UET 2,91
4127,ARM XV,169
4127,Clay BE A 14,142
4127,Koenig AfO Bei 16,195
4127,Ranke BE A 61,112
4127,Schroeder VS 12,124
4127,Clay BE A 10,120
4127,Schroder VS 15,113
4127,Fossey pp,583-588
4128,UET 2,91
4128,ARM XV,169
4128,Clay BE A 14,142
4128,Koenig AfO Bei 16,195
4128,Ranke BE A 61,112
4128,Schroeder VS 12,124
4128,Clay BE A 10,120
4128,Schroder VS 15,113
4128,Fossey pp,583-588
4132,UET 2,244
4132,ARM XV,264
4132,Clay BE A 14,188
4132,Koenig AfO Bei 16,196
4132,Ranke BE A 61,160
4132,Schroeder VS 12,179
4132,Schroder VS 15,164
4132,Fossey pp,"883-886, 890ff"
4133,Fossey pp,"945, 944"
4136,Fossey pp,168ff
4137,Fossey pp,881
4138,UET 2,265
4138,Clay BE A 14,250
4138,Ranke BE A 61,226
4138,Fossey pp,"942-945, 1078"
4139,UET 2,239
4139,ARM XV,161
4139,Clay BE A 14,99
4139,Koenig AfO Bei 16,203
4139,Ranke BE A 61,65
4139,Schroeder VS 12,118
4139,Clay BE A 10,80
4139,Schroder VS 15,105
4139,Fossey pp,547-550
4140,UET 2,299
4140,Fossey pp,390
4143,Fossey pp,"530ff, 1084, 1090"
4145,UET 2,197
4145,ARM XV,221
4145,Clay BE A 14,217
4145,Koenig AfO Bei 16,131
4145,Ranke BE A 61,187
4145,Schroeder VS 12,154
4145,Schroder VS 15,147
4145,Fossey pp,762-766
4146,UET 2,197
4146,ARM XV,221
4146,Clay BE A 14,217
4146,Koenig AfO Bei 16,210
4146,Ranke BE A 61,187
4146,Schroeder VS 12,154
4146,Schroder VS 15,147
4146,Fossey pp,762-766
4147,UET 2,197
4147,ARM XV,221
4147,Clay BE A 14,217
4147,Koenig AfO Bei 16,131
4147,Ranke BE A 61,187
4147,Schroeder VS 12,154
4147,Schroder VS 15,147
4147,Fossey pp,762-766
4148,UET 2,197
4148,ARM XV,221
4148,Clay BE A 14,217
4148,Koenig AfO Bei 16,210
4148,Ranke BE A 61,187
4148,Schroeder VS 12,154
4148,Schroder VS 15,147
4148,Fossey pp,762-766
4149,UET 2,197
4149,ARM XV,221
4149,Clay BE A 14,217
4149,Koenig AfO Bei 16,131
4149,Ranke BE A 61,187
4149,Schroeder VS 12,154
4149,Schroder VS 15,147
4149,Fossey pp,762-766
4150,UET 2,197
4150,ARM XV,221
4150,Clay BE A 14,217
4150,Koenig AfO Bei 16,210
4150,Ranke BE A 61,187
4150,Schroeder VS 12,154
4150,Schroder VS 15,147
4150,Fossey pp,762-766
4151,UET 2,197
4151,ARM XV,221
4151,Clay BE A 14,217
4151,Koenig AfO Bei 16,131
4151,Ranke BE A 61,187
4151,Schroeder VS 12,154
4151,Schroder VS 15,147
4151,Fossey pp,762-766
4152,UET 2,197
4152,ARM XV,221
4152,Clay BE A 14,217
4152,Koenig AfO Bei 16,210
4152,Ranke BE A 61,187
4152,Schroeder VS 12,154
4152,Schroder VS 15,147
4152,Fossey pp,762-766
4153,UET 2,197
4153,ARM XV,221
4153,Clay BE A 14,217
4153,Koenig AfO Bei 16,131
4153,Ranke BE A 61,187
4153,Schroeder VS 12,154
4153,Schroder VS 15,147
4153,Fossey pp,762-766
4154,UET 2,197
4154,ARM XV,221
4154,Clay BE A 14,217
4154,Koenig AfO Bei 16,210
4154,Ranke BE A 61,187
4154,Schroeder VS 12,154
4154,Schroder VS 15,147
4154,Fossey pp,762-766
4155,UET 2,197
4155,ARM XV,221
4155,Clay BE A 14,217
4155,Koenig AfO Bei 16,131
4155,Ranke BE A 61,187
4155,Schroeder VS 12,154
4155,Schroder VS 15,147
4155,Fossey pp,762-766
4156,UET 2,197
4156,ARM XV,221
4156,Clay BE A 14,217
4156,Koenig AfO Bei 16,210
4156,Ranke BE A 61,187
4156,Schroeder VS 12,154
4156,Schroder VS 15,147
4156,Fossey pp,762-766
4164,Fossey pp,945
4173,Fossey pp,"531, 509"
4174,UET 2,277
4174,Clay BE A 14,169
4174,Fossey pp,530
4175,UET 2,277
4175,Clay BE A 14,169
4175,Fossey pp,530
4176,UET 2,277
4176,Clay BE A 14,169
4176,Fossey pp,530
4178,Fossey pp,822
4183,ARM XV,96
4183,Clay BE A 14,66
4183,Koenig AfO Bei 16,199
4183,Ranke BE A 61,179a
4183,Schroeder VS 12,67
4183,Schroder VS 15,60
4183,Fossey pp,299-303
4184,ARM XV,96
4184,Clay BE A 14,66
4184,Koenig AfO Bei 16,199
4184,Ranke BE A 61,179a
4184,Schroeder VS 12,67
4184,Schroder VS 15,60
4184,Fossey pp,299-303
4198,Fossey pp,945
4199,Clay BE A 14,178
4199,Ranke BE A 61,152
4199,Schroeder VS 12,166
4199,Clay BE A 10,155
4199,Schroder VS 15,156
4199,Fossey pp,"820-822, 1078"
4204,ARM XV,243''?
4204,Clay BE A 14,173
4204,Ranke BE A 61,147
4204,Fossey pp,823-827
4205,Clay BE A 14,180
4205,Ranke BE A 61,185
4205,Fossey pp,823
4207,Ranke BE A 61,189
4207,Fossey pp,774-776
4208,Fossey pp,1012ff
4209,Fossey pp,1012ff
4210,Fossey pp,1012ff
4211,Fossey pp,1012ff
4212,Fossey pp,1012ff
4213,Fossey pp,1012ff
4214,Fossey pp,1012ff
4215,Fossey pp,1012ff
4216,Fossey pp,1012ff
4217,Fossey pp,1012ff
4218,Fossey pp,1012ff
4219,Fossey pp,1012ff
4220,Fossey pp,1012ff
4221,Fossey pp,1012ff
4230,UET 2,221
4230,ARM XV,258
4230,Clay BE A 14,179
4230,Koenig AfO Bei 16,200
4230,Ranke BE A 61,153
4230,Schroeder VS 12,174
4230,Schroder VS 15,161
4230,Fossey pp,"861-864, 1089"
4238,UET 2,77
4238,ARM XV,100
4238,Clay BE A 14,63
4238,Koenig AfO Bei 16,201
4238,Ranke BE A 61,50
4238,Schroeder VS 12,72
4238,Clay BE A 10,56
4238,Fossey pp,"315-319, 1075"
4239,Clay BE A 14,219
4239,Fossey pp,215
4240,Clay BE A 14,219
4240,Fossey pp,215
4241,Clay BE A 14,219
4241,Fossey pp,215
4242,Clay BE A 14,219
4242,Fossey pp,215
4255,Fossey pp,948
4256,Fossey pp,948
4257,Fossey pp,947
4258,UET 2,309
4258,Ranke BE A 61,48
4258,Clay BE A 10,10
4258,Fossey pp,58ff
4259,UET 2,309
4259,Ranke BE A 61,48
4259,Clay BE A 10,10
4259,Fossey pp,58ff
4260,UET 2,309
4260,Ranke BE A 61,48
4260,Clay BE A 10,10
4260,Fossey pp,58ff
4262,Fossey pp,59
4268,UET 2,334
4268,ARM XV,128'
4268,Clay BE A 14,65
4268,Ranke BE A 61,51
4268,Clay BE A 10,58
4268,Schroder VS 15,81
4268,Fossey pp,444-447
4269,UET 2,335
4269,ARM XV,128'
4269,Clay BE A 14,65
4269,Ranke BE A 61,51
4269,Clay BE A 10,58
4269,Schroder VS 15,81
4269,Fossey pp,444-447
4270,UET 2,335
4270,ARM XV,128'
4270,Clay BE A 14,65
4270,Ranke BE A 61,51
4270,Clay BE A 10,58
4270,Schroder VS 15,81
4270,Fossey pp,444-447
4271,UET 2,335
4271,ARM XV,128'
4271,Clay BE A 14,65
4271,Ranke BE A 61,51
4271,Clay BE A 10,58
4271,Schroder VS 15,81
4271,Fossey pp,444-447
4274,Fossey pp,443
4275,UET 2,284
4275,ARM XV,310
4275,Clay BE A 14,258
4275,Koenig AfO Bei 16,95
4275,Ranke BE A 61,231
4275,Schroeder VS 12,219
4275,Schroder VS 15,200
4275,Fossey pp,1031-1033
4276,UET 2,284
4276,ARM XV,310
4276,Clay BE A 14,258
4276,Koenig AfO Bei 16,178
4276,Ranke BE A 61,231
4276,Schroeder VS 12,219
4276,Schroder VS 15,200
4276,Fossey pp,1031-1033
4277,UET 2,284
4277,ARM XV,310
4277,Clay BE A 14,258
4277,Koenig AfO Bei 16,204
4277,Ranke BE A 61,231
4277,Schroeder VS 12,219
4277,Schroder VS 15,200
4277,Fossey pp,1031-1033
4278,UET 2,284
4278,ARM XV,310
4278,Clay BE A 14,258
4278,Koenig AfO Bei 16,95
4278,Ranke BE A 61,231
4278,Schroeder VS 12,219
4278,Schroder VS 15,200
4278,Fossey pp,1031-1033
4279,UET 2,284
4279,ARM XV,310
4279,Clay BE A 14,258
4279,Koenig AfO Bei 16,178
4279,Ranke BE A 61,231
4279,Schroeder VS 12,219
4279,Schroder VS 15,200
4279,Fossey pp,1031-1033
4280,UET 2,284
4280,ARM XV,310
4280,Clay BE A 14,258
4280,Koenig AfO Bei 16,204
4280,Ranke BE A 61,231
4280,Schroeder VS 12,219
4280,Schroder VS 15,200
4280,Fossey pp,1031-1033
4281,UET 2,284
4281,ARM XV,310
4281,Clay BE A 14,258
4281,Koenig AfO Bei 16,95
4281,Ranke BE A 61,231
4281,Schroeder VS 12,219
4281,Schroder VS 15,200
4281,Fossey pp,1031-1033
4282,UET 2,284
4282,ARM XV,310
4282,Clay BE A 14,258
4282,Koenig AfO Bei 16,178
4282,Ranke BE A 61,231
4282,Schroeder VS 12,219
4282,Schroder VS 15,200
4282,Fossey pp,1031-1033
4283,UET 2,284
4283,ARM XV,310
4283,Clay BE A 14,258
4283,Koenig AfO Bei 16,204
4283,Ranke BE A 61,231
4283,Schroeder VS 12,219
4283,Schroder VS 15,200
4283,Fossey pp,1031-1033
4288,UET 2,382
4288,ARM XV,131
4288,Clay BE A 14,92
4288,Koenig AfO Bei 16,205
4288,Ranke BE A 61,60
4288,Schroeder VS 12,92
4288,Clay BE A 10,63
4288,Fossey pp,450-453
4295,Clay BE A 14,111
4295,Ranke BE A 61,35
4295,Schroder VS 15,97
4295,Fossey pp,522ff
4296,Ranke BE A 61,35
4296,Schroder VS 15,97
4296,Fossey pp,522ff
4297,Ranke BE A 61,35
4297,Schroder VS 15,97
4297,Fossey pp,522ff
4298,Ranke BE A 61,35
4298,Schroder VS 15,97
4298,Fossey pp,522ff
4299,Ranke BE A 61,35
4299,Schroder VS 15,97
4299,Fossey pp,522ff
4300,UET 2,285
4300,Fossey pp,1046ff
4301,UET 2,285
4301,Fossey pp,1046ff
4302,UET 2,285
4302,Fossey pp,1046ff
4305,UET 2,414
4305,Clay BE A 10,148
4305,Fossey pp,243
4306,UET 2,414
4306,Clay BE A 10,148
4306,Fossey pp,243
4307,UET 2,414
4307,Clay BE A 10,148
4307,Fossey pp,243
4309,Schroeder VS 12,131
4309,Schroder VS 15,122
4310,Schroeder VS 12,131
4310,Schroder VS 15,122
4311,UET 2,11
4312,UET 2,11
4314,UET 2,14
4316,UET 2,336
4316,ARM XV,22
4316,Clay BE A 14,11
4316,Koenig AfO Bei 16,143
4316,Ranke BE A 61,47
4316,Schroeder VS 12,15
4316,Clay BE A 10,9
4316,Fossey pp,"54-58, 1075"
4317,UET 2,336
4317,ARM XV,22
4317,Clay BE A 14,11
4317,Koenig AfO Bei 16,207
4317,Ranke BE A 61,47
4317,Schroeder VS 12,15
4317,Clay BE A 10,9
4317,Fossey pp,"54-58, 1075"
4318,UET 2,336
4318,ARM XV,22
4318,Clay BE A 14,11
4318,Koenig AfO Bei 16,143
4318,Ranke BE A 61,47
4318,Schroeder VS 12,15
4318,Clay BE A 10,9
4318,Fossey pp,"54-58, 1075"
4319,UET 2,336
4319,ARM XV,22
4319,Clay BE A 14,11
4319,Koenig AfO Bei 16,207
4319,Ranke BE A 61,47
4319,Schroeder VS 12,15
4319,Clay BE A 10,9
4319,Fossey pp,"54-58, 1075"
4320,UET 2,336
4320,ARM XV,22
4320,Clay BE A 14,11
4320,Koenig AfO Bei 16,143
4320,Ranke BE A 61,47
4320,Schroeder VS 12,15
4320,Clay BE A 10,9
4320,Fossey pp,"54-58, 1075"
4321,UET 2,336
4321,ARM XV,22
4321,Clay BE A 14,11
4321,Koenig AfO Bei 16,207
4321,Ranke BE A 61,47
4321,Schroeder VS 12,15
4321,Clay BE A 10,9
4321,Fossey pp,"54-58, 1075"
4322,UET 2,336
4322,ARM XV,22
4322,Clay BE A 14,11
4322,Koenig AfO Bei 16,143
4322,Ranke BE A 61,47
4322,Schroeder VS 12,15
4322,Clay BE A 10,9
4322,Fossey pp,"54-58, 1075"
4323,UET 2,336
4323,ARM XV,22
4323,Clay BE A 14,11
4323,Koenig AfO Bei 16,207
4323,Ranke BE A 61,47
4323,Schroeder VS 12,15
4323,Clay BE A 10,9
4323,Fossey pp,"54-58, 1075"
4324,UET 2,336
4324,ARM XV,22
4324,Clay BE A 14,11
4324,Koenig AfO Bei 16,143
4324,Ranke BE A 61,47
4324,Schroeder VS 12,15
4324,Clay BE A 10,9
4324,Fossey pp,"54-58, 1075"
4325,UET 2,336
4325,ARM XV,22
4325,Clay BE A 14,11
4325,Koenig AfO Bei 16,207
4325,Ranke BE A 61,47
4325,Schroeder VS 12,15
4325,Clay BE A 10,9
4325,Fossey pp,"54-58, 1075"
4334,Fossey pp,62
4336,Fossey pp,64
4337,Fossey pp,59ff
4338,Fossey pp,59ff
4339,Fossey pp,61
4340,UET 2,338
4340,ARM XV,98
4340,Clay BE A 14,135
4340,Schroeder VS 12,69
4340,Fossey pp,308-310
4341,UET 2,338
4341,ARM XV,98
4341,Clay BE A 14,135
4341,Schroeder VS 12,69
4341,Fossey pp,308-310
4342,UET 2,338
4342,ARM XV,98
4342,Clay BE A 14,135
4342,Schroeder VS 12,69
4342,Fossey pp,308-310
4347,Fossey pp,443
4350,Fossey pp,453
4353,UET 2,51a
4353,ARM XV,138
4353,Clay BE A 14,112
4353,Koenig AfO Bei 16,209
4353,Ranke BE A 61,61
4353,Schroeder VS 12,99
4353,Clay BE A 10,76
4353,Schroder VS 15,88
4353,Fossey pp,482-486
4354,UET 2,51c
4354,ARM XV,138
4354,Clay BE A 14,112
4354,Koenig AfO Bei 16,209
4354,Ranke BE A 61,61
4354,Schroeder VS 12,99
4354,Clay BE A 10,76
4354,Schroder VS 15,88
4354,Fossey pp,482-486
4355,UET 2,51a
4355,ARM XV,138
4355,Clay BE A 14,112
4355,Koenig AfO Bei 16,209
4355,Ranke BE A 61,61
4355,Schroeder VS 12,99
4355,Clay BE A 10,76
4355,Schroder VS 15,88
4355,Fossey pp,482-486
4356,UET 2,51c
4356,ARM XV,138
4356,Clay BE A 14,112
4356,Koenig AfO Bei 16,209
4356,Ranke BE A 61,61
4356,Schroeder VS 12,99
4356,Clay BE A 10,76
4356,Schroder VS 15,88
4356,Fossey pp,482-486
4357,UET 2,51a
4357,ARM XV,138
4357,Clay BE A 14,112
4357,Koenig AfO Bei 16,209
4357,Ranke BE A 61,61
4357,Schroeder VS 12,99
4357,Clay BE A 10,76
4357,Schroder VS 15,88
4357,Fossey pp,482-486
4358,UET 2,51c
4358,ARM XV,138
4358,Clay BE A 14,112
4358,Koenig AfO Bei 16,209
4358,Ranke BE A 61,61
4358,Schroeder VS 12,99
4358,Clay BE A 10,76
4358,Schroder VS 15,88
4358,Fossey pp,482-486
4359,UET 2,51a
4359,ARM XV,138
4359,Clay BE A 14,112
4359,Koenig AfO Bei 16,209
4359,Ranke BE A 61,61
4359,Schroeder VS 12,99
4359,Clay BE A 10,76
4359,Schroder VS 15,88
4359,Fossey pp,482-486
4360,UET 2,51c
4360,ARM XV,138
4360,Clay BE A 14,112
4360,Koenig AfO Bei 16,209
4360,Ranke BE A 61,61
4360,Schroeder VS 12,99
4360,Clay BE A 10,76
4360,Schroder VS 15,88
4360,Fossey pp,482-486
4361,UET 2,51a
4361,ARM XV,138
4361,Clay BE A 14,112
4361,Koenig AfO Bei 16,209
4361,Ranke BE A 61,61
4361,Schroeder VS 12,99
4361,Clay BE A 10,76
4361,Schroder VS 15,88
4361,Fossey pp,482-486
4362,UET 2,51c
4362,ARM XV,138
4362,Clay BE A 14,112
4362,Koenig AfO Bei 16,209
4362,Ranke BE A 61,61
4362,Schroeder VS 12,99
4362,Clay BE A 10,76
4362,Schroder VS 15,88
4362,Fossey pp,482-486
4363,UET 2,51a
4363,ARM XV,138
4363,Clay BE A 14,112
4363,Koenig AfO Bei 16,209
4363,Ranke BE A 61,61
4363,Schroeder VS 12,99
4363,Clay BE A 10,76
4363,Schroder VS 15,88
4363,Fossey pp,482-486
4364,UET 2,51c
4364,ARM XV,138
4364,Clay BE A 14,112
4364,Koenig AfO Bei 16,209
4364,Ranke BE A 61,61
4364,Schroeder VS 12,99
4364,Clay BE A 10,76
4364,Schroder VS 15,88
4364,Fossey pp,482-486
4365,UET 2,51a
4365,ARM XV,138
4365,Clay BE A 14,112
4365,Koenig AfO Bei 16,209
4365,Ranke BE A 61,61
4365,Schroeder VS 12,99
4365,Clay BE A 10,76
4365,Schroder VS 15,88
4365,Fossey pp,482-486
4366,UET 2,51c
4366,ARM XV,138
4366,Clay BE A 14,112
4366,Koenig AfO Bei 16,209
4366,Ranke BE A 61,61
4366,Schroeder VS 12,99
4366,Clay BE A 10,76
4366,Schroder VS 15,88
4366,Fossey pp,482-486
4367,UET 2,51a
4367,ARM XV,138
4367,Clay BE A 14,112
4367,Koenig AfO Bei 16,209
4367,Ranke BE A 61,61
4367,Schroeder VS 12,99
4367,Clay BE A 10,76
4367,Schroder VS 15,88
4367,Fossey pp,482-486
4368,UET 2,51c
4368,ARM XV,138
4368,Clay BE A 14,112
4368,Koenig AfO Bei 16,209
4368,Ranke BE A 61,61
4368,Schroeder VS 12,99
4368,Clay BE A 10,76
4368,Schroder VS 15,88
4368,Fossey pp,482-486
4370,Fossey pp,44
4372,UET 2,40
4373,Fossey pp,281
4375,Fossey pp,260
4378,Fossey pp,619
4379,Fossey pp,619
4380,Fossey pp,619
4384,UET 2,293
4385,UET 2,293
4386,UET 2,293
4387,Fossey pp,448
4392,Fossey pp,1071
4414,UET 2,35
4414,ARM XV,214
4414,Clay BE A 14,208
4414,Koenig AfO Bei 16,208
4414,Ranke BE A 61,168
4414,Schroeder VS 12,149
4414,Schroder VS 15,143
4415,UET 2,35
4415,ARM XV,214
4415,Clay BE A 14,208
4415,Koenig AfO Bei 16,212
4415,Ranke BE A 61,168
4415,Schroeder VS 12,149
4415,Schroder VS 15,143
4417,UET 2,275
4417,Clay BE A 14,31
4417,Fossey pp,284
4418,UET 2,275
4418,Clay BE A 14,31
4418,Fossey pp,284
4419,UET 2,275
4419,Clay BE A 14,31
4419,Fossey pp,284
4421,ARM XV,121
4421,Clay BE A 14,94
4421,Ranke BE A 61,70
4421,Schroeder VS 12,86
4421,Schroder VS 15,78
4421,Fossey pp,"414ff, 1080"
4429,UET 2,82
4429,ARM XV,316
4429,Clay BE A 14,273
4429,Koenig AfO Bei 16,155
4429,Ranke BE A 61,232
4429,Schroeder VS 12,221
4429,Schroder VS 15,202
4429,Fossey pp,1037
4430,UET 2,82
4430,ARM XV,316
4430,Clay BE A 14,273
4430,Koenig AfO Bei 16,214
4430,Ranke BE A 61,232
4430,Schroeder VS 12,221
4430,Schroder VS 15,202
4430,Fossey pp,1037
4444,Fossey pp,"49ff, 766ff"
4446,Clay BE A 14,9
4446,Fossey pp,3
4447,Clay BE A 14,9
4447,Fossey pp,3
4449,UET 2,158
4449,Clay BE A 14,157
4449,Ranke BE A 61,133
4449,Clay BE A 10,137
4449,Schroder VS 15,123
4449,Fossey pp,643-647
4450,UET 2,158
4450,Clay BE A 14,157
4450,Ranke BE A 61,133
4450,Clay BE A 10,137
4450,Schroder VS 15,123
4450,Fossey pp,643-647
4451,UET 2,158
4451,Clay BE A 14,157
4451,Ranke BE A 61,133
4451,Clay BE A 10,137
4451,Schroder VS 15,123
4451,Fossey pp,643-647
4452,UET 2,158
4452,Clay BE A 14,157
4452,Ranke BE A 61,133
4452,Clay BE A 10,137
4452,Schroder VS 15,123
4452,Fossey pp,643-647
4453,UET 2,158
4453,Clay BE A 14,157
4453,Ranke BE A 61,133
4453,Clay BE A 10,137
4453,Schroder VS 15,123
4453,Fossey pp,643-647
4454,UET 2,158
4454,Clay BE A 14,157
4454,Ranke BE A 61,133
4454,Clay BE A 10,137
4454,Schroder VS 15,123
4454,Fossey pp,643-647
4455,UET 2,158
4455,Clay BE A 14,157
4455,Ranke BE A 61,133
4455,Clay BE A 10,137
4455,Schroder VS 15,123
4455,Fossey pp,643-647
4456,UET 2,158
4456,Clay BE A 14,157
4456,Ranke BE A 61,133
4456,Clay BE A 10,137
4456,Schroder VS 15,123
4456,Fossey pp,643-647
4457,UET 2,158
4457,Clay BE A 14,157
4457,Ranke BE A 61,133
4457,Clay BE A 10,137
4457,Schroder VS 15,123
4457,Fossey pp,643-647
4458,UET 2,158
4458,Clay BE A 14,157
4458,Ranke BE A 61,133
4458,Clay BE A 10,137
4458,Schroder VS 15,123
4458,Fossey pp,643-647
4459,UET 2,158
4459,Clay BE A 14,157
4459,Ranke BE A 61,133
4459,Clay BE A 10,137
4459,Schroder VS 15,123
4459,Fossey pp,643-647
4460,UET 2,158
4460,Clay BE A 14,157
4460,Ranke BE A 61,133
4460,Clay BE A 10,137
4460,Schroder VS 15,123
4460,Fossey pp,643-647
4474,Clay BE A 14,251
4474,Ranke BE A 61,96
4474,Schroeder VS 12,195
4474,Fossey pp,941ff
4475,Clay BE A 14,251
4475,Ranke BE A 61,96
4475,Schroeder VS 12,195
4475,Fossey pp,941ff
4476,Clay BE A 14,251
4476,Ranke BE A 61,96
4476,Schroeder VS 12,195
4476,Fossey pp,941ff
4477,Clay BE A 14,251
4477,Ranke BE A 61,96
4477,Schroeder VS 12,195
4477,Fossey pp,941ff
4725,Fossey pp,344
4727,ARM XV,109
4727,Clay BE A 14,69
4727,Koenig AfO Bei 16,157
4727,Ranke BE A 61,55
4727,Schroeder VS 12,79
4727,Clay BE A 10,61
4727,Schroder VS 15,69
4727,Fossey pp,349-352
4732,UET 2,258
4732,ARM XV,59
4732,Clay BE A 14,43
4732,Koenig AfO Bei 16,216
4732,Ranke BE A 61,28
4732,Schroeder VS 12,41
4732,Clay BE A 10,40
4732,Fossey pp,192-196
4733,UET 2,258
4733,ARM XV,59
4733,Clay BE A 14,43
4733,Koenig AfO Bei 16,216
4733,Ranke BE A 61,28
4733,Schroeder VS 12,41
4733,Clay BE A 10,40
4733,Fossey pp,192-196
4734,UET 2,258
4734,ARM XV,59
4734,Clay BE A 14,43
4734,Koenig AfO Bei 16,216
4734,Ranke BE A 61,28
4734,Schroeder VS 12,41
4734,Clay BE A 10,40
4734,Fossey pp,192-196
4739,Fossey pp,781ff
4741,UET 2,198b
4742,Fossey pp,529
4743,Koenig AfO Bei 16,218
4743,Clay BE A 10,69
4743,Schroder VS 15,80
4743,Fossey pp,435
4745,Fossey pp,938ff
4755,UET 2,95
4757,UET 2,224
4757,ARM XV,5
4757,Clay BE A 14,153
4757,Koenig AfO Bei 16,219
4757,Ranke BE A 61,128
4757,Schroeder VS 12,4
4757,Clay BE A 10,129
4757,Schroder VS 15,5
4765,Fossey pp,1044
4769,Fossey pp,129ff
4773,ARM XV,299
4773,Clay BE A 14,264
4773,Ranke BE A 61,214
4773,Schroeder VS 12,216
4773,Schroder VS 15,191
